state_id,name,code,zip,
65,'Acequias','0274','5110',
65,'Apartaderos','0271','5130',
65,'Acarigua','0274','5101',
65,'Bailadores','0275','5133',
65,'Canagua','0275','5154',
65,'Capazon','0275','3137',
65,'Caño Zancudo','0275','3137',
65,'Chachopo','0271','3112',
65,'Chiguara','0275','5138',
65,'Chocanta','0275','5112',
65,'Ejido','0274','5111',
65,'El Morro','0275','5101',
65,'El Peñon','0275','5142',
65,'El Vigia','0275','5145',
65,'Estanques','0275','5101',
65,'Guaraque','0275','5134',
65,'Humboldt','0274','5101',
65,'Jaji','0274','5107',
65,'La Azulita','0275','5102',
65,'La Blanca','0275','5145',
65,'La Hechicera','0274','5101',
65,'La Mesa','0274','5112',
65,'La Mesa de Ejido','0274','5112',
65,'La Palmita','0275','5145',
65,'La Parroquia','0274','5115',
65,'La Pedregosa','0274','5101',
65,'La Playa','0275','5143',
65,'La Playita','0275','5145',
65,'La Punta','0275','5115',
65,'La Trampa','0275','5138',
65,'La Vega','0274','5101',
65,'Lagunilla','0274','5138',
65,'Las Piedras','0274','5138',
65,'Las Virtudes','0274','3141',
65,'Libertad','0271','5145',
65,'Los Gonzalez','0274','5111',
65,'Los Sauzales','0274','5101',
65,'Mesa Bolívar','0274','5141',
65,'Mesa Quintero','0274','5134',
65,'Mucuchachi','0271','5105',
65,'Mucuchies','0271','5130',
65,'Mucuruba','0271','5129',
65,'Mucutuy','0271','5106',
65,'Mérida','0274','5101',
65,'Pi├âango','0274','5114',
65,'Pueblo Llano','0271','5124',
65,'Pueblo Nuevo','0275','5108',
65,'San Jacinto','0274','5101',
65,'San José','0274','5101',
65,'San Juan de Lagunilla','0274','5138',
65,'San Rafael de Mucuchies','0271','5130',
65,'Santa Cruz de Mora','0275','5142',
65,'Santa Elena de Arenales','0274','5101',
65,'Santo Domingo','0271','5131',
65,'Tabay','0274','5116',
65,'Timotes','0271','3112',
65,'Tovar','0275','5143',
65,'Tucantocani','0275','5145',
65,'Union','0274','5101',
65,'Zea','0275','5144',
65,'La Gonzalez','0275','5145',
65,'Mucujepe','0275','5101',
65,'San Cristobal De Torondoy','0271','3101',
65,'Santa Apolonia De Merida','0271','3101',
65,'Tucani','0275','5141',
69,'Acarigua','0255','3301',
69,'Agua Blanca','0255','3302',
69,'Aparicion','0257','3350',
69,'Araure','0255','3303',
69,'Biscucuy','0257','3351',
69,'Boconoito','0257','3355',
69,'Chabasquen','0257','3357',
69,'Colonia Tunen','0','3317',
69,'Cordoba','0','3357',
69,'El Poblado','0','3309',
69,'Guanare','0257','3350',
69,'Guanarito','0257','3354',
69,'La Estacion','0','3352',
69,'La Mision','0256','3301',
69,'Los Colorados','0','3309',
69,'Los Morrones','0','3350',
69,'Mesa de Caruaca','0257','3350',
69,'Ospino','0256','3352',
69,'Papelon','0257','3353',
69,'Pimpinela','0255','3304',
69,'P¡ritu','0256','3305',
69,'San Rafael de Onoto','0255','3306',
69,'Santa Rosal¡a de Turen','0256','3307',
69,'Turen','0256','3309',
69,'Unellez','0','3350',
69,'Villa Bruzual','0','3309',
69,'La Concepcion','0','3354',
69,'La Trinidad','0','3350',
69,'Paraiso De Chabasquen','0','3357',
69,'Payara','0255','3301',
68,'El Amparo','0295','6301',
68,'El Bicha','0295','6301',
68,'El Espinal','0295','6301',
68,'El Guamache  Isla de Coche','0295','6301',
68,'El Guamache  Punta de Piedras','0295','6301',
68,'El Maco','0295','6301',
68,'El Pilar','0295','6301',
68,'El Valle de Pedro Gonzalez','0295','6301',
68,'El Valle del Espíritu Santo','0295','6301',
68,'Guinima','0295','6301',
68,'Juan Griego','0295','6309',
68,'La Guardia','0295','6301',
68,'La Isleta','0295','6301',
68,'La Plaza de Paraguach¡','0295','6301',
68,'La Vecindad','0295','6301',
68,'Las Cabreras','0295','6301',
68,'Las Hernandez','0295','6301',
68,'Las Maritas','0295','6301',
68,'Las Piedras','0295','6301',
68,'Los Bagres','0295','6301',
68,'Los Cerritos','0295','6301',
68,'Las Giles','0295','6301',
68,'Los Gomez','0295','6301',
68,'Los Marvales','0295','6301',
68,'Los Millanes','0295','6301',
68,'Urbanización Luisa Caceres de Arismendi','0295','6301',
68,'Macanao','0295','6301',
68,'Manzanillo','0295','6301',
68,'Marino','0295','6301',
68,'Mariño','0295','6301',
68,'Orinoco','0295','6301',
68,'Pampatar','0295','6316',
68,'Pedregales','0295','6301',
68,'Playa el Angel  Urbanización','0295','6301',
68,'Porlamar','0295','6301',
68,'Puerto Ferm¡n','0295','6301',
68,'Punta de Piedras','0295','6318',
68,'Robledal','0295','6301',
68,'San Antonio','0295','6301',
68,'San Juan Bautista','0295','6320',
68,'San Pedro de Coche','0295','6321',
68,'Santa Ana','0295','6301',
68,'Tacarigua','0295','6301',
68,'Valle Verde  Urbanización','0295','6301',
68,'Villa Rosa','0295','6301',
68,'La Asunci├â┬│n','0295','6311',
68,'Pedro Gonzalez','0295','6301',
68,'Agua de Vaca','0295','6301',
68,'Altagracia','0295','6301',
68,'Antolin del Campo','0295','6301',
68,'Boca del Pozo','0295','6301',
68,'Boca del Rio','0295','6304',
68,'Bolívar','0295','6301',
68,'Boqueron','0295','6301',
68,'Chacachacare','0295','6301',
64,'Aguada Grande','0253','3031',
64,'Aregue','0251','3052',
64,'Baragua','0251','3034',
64,'Barquisimeto','0251','3001',
64,'Bobare','0253','3004',
64,'Cabudare','0251','3023',
64,'Cariragua','0251','3051',
64,'Carora','0252','3050',
64,'Cubiro','0253','3063',
64,'Duaca','0253','3025',
64,'El Empedrado','0251','3060',
64,'Guarico','0253','3057',
64,'Humocaro Alto/Bajo','0253','3058',
64,'Las Guabinas','0251','3033',
64,'Los Rastrojos','0251','3023',
64,'Los Yabos','0251','3050',
64,'Qu├â┬¡bor','0253','3061',
64,'Rio Claro','0251','3009',
64,'Rio Tocuyo','0251','3054',
64,'San Francisco','0251','3055',
64,'San Miguel','0251','3016',
64,'Sanare','0253','3028',
64,'Sarare','0251','3015',
64,'Siquisique','0253','3032',
64,'Guayabones','0251','35101',
64,'Quebrada Arriba','0251','3101',
64,'Otras poblaciones','0251','3001',
57,'Altamira','0273','5208',
57,'Barinas','0273','5201',
57,'Barinitas','0273','5206',
57,'Barrancas','0273','5201',
57,'Bruzual','0273','5201',
57,'Calderas','0273','5207',
57,'Ciudad Bolivia','0273','5214',
57,'Ciudad de Nutrias','0273','5221',
57,'Dolores','0273','5217',
57,'El Cant├â┬│n','0278','5201',
57,'La Cochinilla  Barinitas','0273','5201',
57,'La Luz','0273','5201',
57,'La Unión','0273','2312',
57,'Libertad','0273','5220',
57,'Maporal','0273','5201',
57,'Mijagual','0273','5201',
57,'Obispos','0273','5213',
57,'Pedraza la Vieja','0273','5201',
57,'Puerto Nutrias','0273','5201',
57,'Quebrada Seca','0273','5201',
57,'Quintero','0273','5201',
57,'Sabaneta','0273','5224',
57,'Sacop├â┬│','0273','5216',
57,'San Rafael de Canagua','0273','5201',
57,'San Silvestre','0273','5203',
57,'San Vicente','0273','5201',
57,'Santa Barbara','0278','5210',
57,'Santa Catalina','0273','5201',
57,'Santa In├â┬⌐s','0273','5201',
57,'Santa Lucia','0273','5201',
57,'Santa Rosa','0273','5219',
57,'Torunos','0273','5201',
57,'Veguitas','0273','5201',
57,'Arismendi','0273','2201',
57,'Capitanejo','0273','5201',
57,'Chameta','0273','5216',
57,'El Real','0273','5201',
57,'El Regalo','0273','5201',
57,'Guadarrama','0273','2201',
57,'Quebrada Seca','0273','5067',
66,'Aeropuerto La Carlota  Caracas','0212','1064',
66,'Araira','0212','1221',
66,'Barrio El Carmen Minas de Baruta','0212','1080',
66,'Barrio El Carmen Petare','0212','1073',
66,'Barrio El Manguito Petare','0212','1073',
66,'Barrio El Rodeo','0212','1221',
66,'Barrio La Cruz Petare','0212','1073',
66,'Barrio La Cruz Chacao','0212','1060',
66,'Barrio Niño Jesús','0212','1030',
66,'Capaya','0234','1225',
66,'Carenero','0234','1231',
66,'Carrizal','0212','1203',
66,'Caucagua','0234','1246',
66,'Charallave','0239','1210',
66,'Chirimena','0234','1231',
66,'Chuspa','0234','1166',
66,'Chuspita','0234','1246',
66,'Cupira','0234','1238',
66,'Curiepe','0234','1232',
66,'Cúa','0239','1211',
66,'El Café','0234','1225',
66,'El Guapo','0234','1243',
66,'El Hatillo  Caracas','0212','1083',
66,'El Marques','0212','1071',
66,'Guarenas','0212','1220',
66,'Guatire','0212','1221',
66,'Higuerote','0234','1231',
66,'La Tahona','0212','1083',
66,'Las Gonzalez','0212','1228',
66,'Lomas de la Lagunita','0212','1083',
66,'Los Chorros','0212','1071',
66,'Los Samanes','0212','1080',
66,'Los Teques','0212','1201',
66,'Machurucuto','0234','1245',
66,'Mamporal','0234','1228',
66,'Ocumare del Tuy','0239','1209',
66,'Paparo','0234','1236',
66,'Paracotos','0234','1201',
66,'Petare','0212','1073',
66,'Plaza las Americas','0212','1061',
66,'Prados del Este','0212','1080',
66,'Pueblo Nuevo Mamporal','0234','1235',
66,'Rio Chico','0234','1236',
66,'San Antonio de los Altos','0212','1204',
66,'San Blas','0212','1073',
66,'San Diego de los Altos','0212','1204',
66,'San Fernando del Guapo','0234','1243',
66,'San Francisco de Yare','0239','1212',
66,'San José de Barlovento','0234','1235',
66,'San José de Rio Chico','0234','1235',
66,'San José de los Altos','0212','1204',
66,'San Pedro de los Altos','0212','1204',
66,'Santa Lucia','0239','1214',
66,'Santa Paula','0212','1061',
66,'Santa Rosa de Lima','0212','1061',
66,'Santa Teresa del Tuy','0239','1215',
66,'Sebucan','0212','1071',
66,'Sector La Estancia  Chuao','0212','1064',
66,'Sector Los Naranjos','0212','1061',
66,'Simon Bolívar  Ciudad Tablita','0212','1030',
66,'Tacarigua Mamporal','0234','1228',
66,'Tacarigua de La Laguna','0234','1236',
66,'Tacata','0239','1211',
66,'Terrazas de Club H¡pico Caracas','0212','1080',
66,'Urbanización La Urbina','0212','1073',
66,'Urbanización Altamira  Caracas','0212','1060',
66,'Urbanización Alto Hatillo  Caracas','0212','1083',
66,'Urbanización Alto Prado  Caracas','0212','1080',
66,'Urbanización Avila  Caracas','0212','1050',
66,'Urbanización Bello Campo  Caracas','0212','1060',
66,'Urbanización Boleita','0212','1071',
66,'Urbanización Boleita Alta','0212','1071',
66,'Urbanización California Norte','0212','1071',
66,'Urbanización California Sur','0212','1071',
66,'Urbanización Campo Alegre','0212','1060',
66,'Urbanización Canteras de Miranda','0212','1073',
66,'Urbanización Caracas Country Club','0212','1060',
66,'Urbanización Caurimare','0212','1061',
66,'Urbanización Chacao','0212','1060',
66,'Urbanización Chuao','0212','1061',
66,'Urbanización Colinas de Baruta','0212','1080',
66,'Urbanización Colinas de Bello Monte','0212','1050',
66,'Urbanización Colinas de La California','0212','1071',
66,'Urbanización Colinas de La Mariposa','0212','1090',
66,'Urbanización Colinas de La Trinidad','0212','1080',
66,'Urbanización Colinas de Los Ruices','0212','1071',
66,'Urbanización Colinas de Turumo','0212','1073',
66,'Urbanización Colinas de Valle Arriba','0212','1080',
66,'Urbanización Colinas del Tamanaco','0212','1061',
66,'Urbanización Cumbres de Curumo','0212','1080',
66,'Urbanización C├â┬║tira','0212','1030',
66,'Urbanización Don Bosco','0212','1071',
66,'Urbanización El Cafetal','0212','1061',
66,'Urbanización El Dorado','0212','1073',
66,'Urbanización El Llanito','0212','1073',
66,'Urbanización El Marqu├â┬⌐s','0212','1071',
66,'Urbanización El Pedregal','0212','1060',
66,'Urbanización El Pe├â┬▒├â┬│n','0212','1080',
66,'Urbanización El Placer','0212','1080',
66,'Urbanización El Placer de Maria','0212','1080',
66,'Urbanización El Prado','0212','1040',
66,'Urbanización El Retiro','0212','1060',
66,'Urbanización El Rosal','0212','1060',
66,'Urbanización La Boyera','0212','1083',
66,'Urbanización La Carlota','0212','1071',
66,'Urbanización La Castellana','0212','1060',
66,'Urbanización La Ciudadela','0212','1080',
66,'Urbanización La Cumbre','0212','1083',
66,'Urbanización La Esmeralda','0212','1083',
66,'Urbanización La Esperanza','0212','1030',
66,'Urbanización La Estancia','0212','1071',
66,'Urbanización La Floresta','0212','1060',
66,'Urbanización La Lagunita Country Club','0212','1083',
66,'Urbanización La Mariposa','0212','1090',
66,'Urbanización La Trinidad','0212','1080',
66,'Urbanización Las Bonitas','0212','1080',
66,'Urbanización Las Mercedes','0212','1060',
66,'Urbanización Las Minas','0212','1080',
66,'Urbanización Las Vegas de Petare','0212','1073',
66,'Urbanización Lomas de Las Mercedes','0212','1061',
66,'Urbanización Lomas del Club H├â┬¡pico','0212','1080',
66,'Urbanización Los Cortijos de Lourdes','0212','1071',
66,'Urbanización Los Dos Caminos','0212','1071',
66,'Urbanización Los Naranjos','0212','1061',
66,'Urbanización Los Ruices','0212','1071',
66,'Urbanización Macaracuay','0212','1071',
66,'Urbanización Mampote','0212','1073',
66,'Urbanización Mirador del Este','0212','1073',
66,'Urbanización Miranda Petare, Guarenas','0212','1073',
66,'Urbanización Palo Verde','0212','1073',
66,'Urbanización Parque Anauco','0212','1010',
66,'Urbanización Parque Sebuc├â┬ín','0212','1071',
66,'Urbanización Paseo Las Mercedes','0212','1061',
66,'Urbanización Paulo VI','0212','1073',
66,'Barrio San Blas','0212','1073',
66,'Barrio San Miguel Petare','0212','1073',
66,'Barrio Union','0212','1020',
66,'Centro Comercial Plaza Las Americas','0212','1061',
66,'Urbanización La Urbina','0212','1073',
66,'Urbanización Las Americas','0212','1020',
66,'Urbanización Los Chorros','0212','1071',
66,'Urbanización Prados Del Este','0212','1080',
66,'Urbanización Santa Fe Norte y Sur','0212','1080',
66,'Urbanización Santa Ines','0212','1080',
66,'Urbanización Santa Paula','0212','1061',
66,'Urbanización Santa Sofia','0212','1061',
66,'Urbanización Sartenejas','0212','1080',
66,'Urbanización Sebucan','0212','1071',
66,'Urbanización Sector Los Naranjos','0212','1061',
66,'Urbanización Sorocaima','0212','1080',
66,'Urbanización Terraza Del Club Hipico','0212','1080',
66,'Urbanización Terrazas Del Avila','0212','1073',
66,'Urbanización Turiamo','0212','1020',
66,'Urbanización Turumo','0212','1073',
66,'Urbanización Valle Arriba','0212','1061',
67,'Aguasay','0292','6201',
67,'Alto Guri','0','6201',
67,'Altos de los Godos','0','6201',
67,'Andres Eloy Blanco','0','6201',
67,'Aragua de Maturín','0292','6206',
67,'Areo','0','6201',
67,'Azagua','0','6201',
67,'Bajo Guarapiche','0','6201',
67,'Barrancas','0287','6208',
67,'Brisas de Aribi','0','6201',
67,'Cachipo','0','6201',
67,'Caicara de Maturín','0292','6209',
67,'Campo Alegre','0','6201',
67,'Carabobo','0','6201',
67,'Caripe','0292','6210',
67,'Caripito','0291','6211',
67,'Caño Colorado','0','6201',
67,'Chaguaramal','0','6201',
67,'El Corozo','0','6201',
67,'El Cortijo','0','6201',
67,'El Furrial','0','6201',
67,'El Jun¡n','0','6201',
67,'El Merey','0','6201',
67,'El Para','0','6201',
67,'El Pel├â┬│n','0','6201',
67,'El Respiro','0','6201',
67,'El Tejero','0','6213',
67,'El Zamuro','0','6201',
67,'El Zorro','0','6201',
67,'Guanaguana','0','6214',
67,'Guarito','0','6201',
67,'Jusep├â┬¡n','0292','6204',
67,'La Candelaria','0','6201',
67,'La Cruz de La Paloma','0','6201',
67,'La Guanota','0','6210',
67,'La Morrocoya','0','6201',
67,'La Pica','0','6201',
67,'La Plantacion','0','6201',
67,'La Poderosa','0','6201',
67,'La Toscana','0','6215',
67,'Las Alhuacas','0','6201',
67,'Las Brisas','0','6201',
67,'Las Cocuizas','0','6201',
67,'Las Palmeras','0','6201',
67,'Las Pinas','0','6201',
67,'Libertador','0','6201',
67,'Los Guaritos','0','6201',
67,'Los Pinos','0','6201',
67,'Manreza','0','6201',
67,'Maturín','0291','6201',
67,'Miraflores','0291','6216',
67,'Morichal Largo','0','6201',
67,'Puerto Amador','0','6201',
67,'Punta Gorda','0','6201',
67,'Quiriquire','0291','6218',
67,'San Antonio de Maturín','0292','6219',
67,'San Antonio de Tabasca','0','6225',
67,'San Felix de Monagas','0','6226',
67,'San Francisco de Maturín','0','6219',
67,'San Luis','0','6201',
67,'San Miguel','0','6201',
67,'San Vicente','0','6201',
67,'Santa B├â┬írbara','0','6221',
67,'Santa Elena','0','6201',
67,'Sarabria','0','6201',
67,'Temblador','0287','6223',
67,'Teresen','0','6224',
67,'Tirado','0','6201',
67,'Viento Colao','0','6201',
67,'Viento Fresco','0','6207',
67,'Vuelta Larga','0','6201',
67,'Zona Industrial','0','6201',
67,'Guarapiche','0','6201',
54,'Anaco','0282','6003',
54,'Aragua de Barcelona','0282','6002',
54,'Atapirire','0281','6001',
54,'Barbacoa','0281','6001',
54,'Barcelona','0281','6001',
54,'Bergant¡n','0281','6001',
54,'Boca de Uchire','0281','6005',
54,'Cachipo','0281','6001',
54,'Caigua','0281','6001',
54,'Cantaura','0282','6007',
54,'Clarines','0281','6008',
54,'El Carito','0281','6001',
54,'El Chaparro','0283','2350',
54,'El Hatillo','0281','6001',
54,'El Morro de Barcelona','0281','6016',
54,'El Pao','0281','6001',
54,'El Pilar','0281','6001',
54,'El Tigre','0283','6050',
54,'Guanape','0281','6012',
54,'Guanta','0281','6014',
54,'Guaribe de Cajigal','0281','6001',
54,'La Margarita','0281','6002',
54,'Lecher¡as','0281','6016',
54,'Los Altos de Santa Fe','0281','6001',
54,'Los Pilones','0281','6003',
54,'Mapire','0281','6001',
54,'Mundo Nuevo','0281','6001',
54,'Naricual','0281','6001',
54,'Onoto','0281','6020',
54,'Pariaguan','0283','6052',
54,'Pertigalete','0281','6014',
54,'Pozuelos','0281','6022',
54,'Puerto La Cruz','0281','6023',
54,'Puerto P¡ritu','0281','6022',
54,'P¡ritu','0281','6022',
54,'Sabana de Uchire','0281','6001',
54,'San Diego de Cabrutica','0281','6001',
54,'San Joaqu¡n','0282','6001',
54,'San José de Guanipa','0282','6054',
54,'San Mateo','0282','6048',
54,'San Miguel','0282','6001',
54,'San Pablo','0282','6001',
54,'San Tome','0283','6055',
54,'Santa Ana','0282','6027',
54,'Santa Clara','0282','6001',
54,'Santa Cruz del Orinoco','0281','6001',
54,'Santa Ines','0282','6001',
54,'Santa Rosa','0282','6001',
54,'Soledad','0285','8013',
54,'Ur¡ca','0292','6001',
54,'Uverito','0281','6001',
54,'Valle Guanape','0281','6032',
54,'Zuata','0281','6057',
56,'10 de Diciembre','0243','2107',
56,'12 de Febrero','0243','2104',
56,'12 de Octubre Maracay','0243','2103',
56,'13 de Enero I, II, III  Maracay','0243','2103',
56,'13 de Junio  Maracay','0243','2103',
56,'18 de Mayo  Maracay','0243','2103',
56,'1','0243','2103',
56,'23 de Enero  Maracay','0243','2104',
56,'5 de Julio','0243','2118',
56,'5 de Julio  Maracay','0243','2103',
56,'Alayon  Maracay','0243','2103',
56,'Alberto Solano  Maracay','0243','2103',
56,'Al¡ Primera  Cagua','0244','2122',
56,'Andres Bello  Maracay','0243','2102',
56,'Andres Eloy  Santa Cruz','0243','2123',
56,'Andres Eloy Blanco  Maracay','0243','2103',
56,'Angelica de Lusinchi  Cagua','0244','2122',
56,'Apolo  Villa de Cura','0244','2126',
56,'Aquiles Nazoa  Maracay','0243','2103',
56,'Araguita  Villa de Cura','0244','2126',
56,'Arias Blanco  El Limón','0243','2105',
56,'Arsenal  Maracay','0243','2101',
56,'Barrancon  Cagua','0244','2122',
56,'Base Aragua  Maracay','0243','2102',
56,'Bella Vista  Cagua','0244','2122',
56,'Bella Vista  Maracay','0243','2102',
56,'Bello Monte  Palo Negro','0243','2117',
56,'Bello Monte I y II  La Victoria','0244','2121',
56,'Bermúdez  Maracay','0243','2103',
56,'Bolívar  La Victoria','0244','2121',
56,'Bolívar  Maracay','0243','2104',
56,'Bolívar  San Mateo','0244','2120',
56,'Bosque Lindo  El Consejo','0244','2118',
56,'Brisas del Lago  Maracay','0243','2104',
56,'Caballero  Cagua','0244','2122',
56,'Cadillal  Maracay','0243','2104',
56,'Cagua  Cagua','0244','2122',
56,'Calicanto  Maracay','0243','2101',
56,'Camburito  Maracay','0243','2103',
56,'Camejo  Villa de Cura','0244','2126',
56,'Campo Alegre  Cagua','0244','2122',
56,'Campo Alegre  Maracay','0243','2103',
56,'Campo Claro  Maracay','0243','2101',
56,'Campo Elías  La Victoria','0244','2121',
56,'Cantarrana  Maracay','0243','2102',
56,'Cantor Nieve Rio  Tejer¡as','0244','2119',
56,'Carlos Andres Pérez  Palo Negro','0243','2117',
56,'Carlos Maza  Maracay','0243','2103',
56,'Carrizalito  Villa de Cura','0244','2126',
56,'Casanova Godoy  Maracay','0243','2103',
56,'Casco de La Ciudad  Maracay','0243','2101',
56,'Cata  Ocumare de La Costa','0243','2114',
56,'Caña de Azúcar  Maracay','0243','2105',
56,'Cañaote  Tejer¡as','0244','2119',
56,'Cementerio  El Consejo','0244','2118',
56,'Choron¡  Choron¡','0243','2110',
56,'Ciudad Jardín  Cagua','0244','2122',
56,'Ciudad Jardín  Maracay','0243','2102',
56,'Ciudad Universitaria  El Limón','0243','2105',
56,'Codazzi  Cagua','0244','2122',
56,'Colonia Tovar','0244','1030',
56,'Cooperativa Los Olivos Nuevos  Maracay','0243','2102',
56,'Cooperativa Los Olivos Viejos  Maracay','0243','2102',
56,'Corianza  Cagua','0244','2122',
56,'Corocito  San Mateo','0244','2120',
56,'Coromoto  Maracay','0243','2101',
56,'Curiepe  Tejer¡as','0244','2119',
56,'Cuyagua  Ocumare de La Costa','0243','2112',
56,'Doctor Pedro Garc¡a  Turmero','0244','2116',
56,'El Bosque  Maracay','0243','2102',
56,'El Beisbol  Tejer¡as','0244','2119',
56,'El Carmen  Cagua','0244','2122',
56,'El Carmen  La Victoria','0244','2121',
56,'El Carmen  Maracay','0243','2101',
56,'El Cementerio  La Victoria','0244','2121',
56,'El Centro  Maracay','0243','2104',
56,'El Consejo  El Consejo','0244','2118',
56,'El Esfuerzo  Maracay','0243','2104',
56,'El Estadium  La Victoria','0244','2121',
56,'El Hipódromo  Maracay','0243','2104',
56,'El Indio  Maracay','0243','2104',
56,'El Lago  Maracay','0243','2104',
56,'El Lechosal  Cagua','0244','2122',
56,'El Macaro  Turmero','0244','2115',
56,'El Maomo  Santa Cruz','0243','2123',
56,'El Milagro  Maracay','0243','2101',
56,'El Nido  El Consejo','0244','2118',
56,'El Recreo  La Victoria','0244','2121',
56,'El Recurso  Maracay','0243','2101',
56,'El Remanso  Santa Cruz','0243','2123',
56,'El Tierral  19 de Abril Maracay','0243','2107',
56,'El Topo  Cagua','0244','2122',
56,'El Toquito  Villa de Cura','0244','2126',
56,'El Toro  Maracay','0243','2102',
56,'El Toro  Maracay','0243','2101',
56,'El Triunfo  Maracay','0243','2104',
56,'El Trebol  Maracay','0243','2103',
56,'El Valle de Santa Rita  Maracay','0243','2103',
56,'El Viñedo  Maracay','0243','2104',
56,'Ezequiel Zamora Palo Negro','0243','2117',
56,'Francisco de Miranda  Maracay','0243','2103',
56,'Francisco de Miranda  Villa de Cura','0244','2126',
56,'Funda Villa I y II  Villa de Cura','0244','2126',
56,'Fundacion Mendoza  Maracay','0243','2103',
56,'Girardot  Maracay','0243','2103',
56,'Guanarito  Turmero','0244','2115',
56,'Guaracarima  La Victoria','0244','2121',
56,'Guaruto  Maracay','0243','2103',
56,'Guayabita  Turmero','0244','2115',
56,'Guayamura  Maracay','0243','2104',
56,'Guillen  Cagua','0244','2122',
56,'Guere  Turmero','0244','2115',
56,'Guerito  19 de Abril, Maracay','0243','2107',
56,'Jabillar  Tejerias','0244','2119',
56,'Jaime II  Villa de Cura','0244','2126',
56,'José Antonio P├íez  Maracay','0243','2103',
56,'José Casanova Godoy  Maracay','0243','2103',
56,'José Felix Rivas  Maracay','0243','2101',
56,'José Gregorio Hernandez  Maracay','0243','2103',
56,'Juan Moreno  El Consejo','0244','2118',
56,'Juana Medina  Maracay','0243','2104',
56,'Julio Bracho  El Consejo','0244','2118',
56,'La Arboleda  Maracay','0243','2102',
56,'La Arboleda  Santa Cruz','0243','2123',
56,'La Atascoza  Palo Negro','0243','2117',
56,'La Avanzada  Maracay','0243','2103',
56,'La Barraca  Maracay','0243','2102',
56,'La Candelaria  El Limón, Maracay','0243','2105',
56,'La Candelaria  Santa Cruz','0243','2123',
56,'La Capillita  Santa Cruz','0243','2123',
56,'La Carpiera  Cagua','0244','2122',
56,'La Chapa  La Victoria','0244','2121',
56,'La Chatarrera  Maracay','0243','2104',
56,'La Concepción  El Consejo','0244','2118',
56,'La Crispera  La Victoria','0244','2121',
56,'La Cruz  El Consejo','0244','2118',
56,'La Cruz  El Limón, Maracay','0243','2105',
56,'La Cruz La Victoria','0244','2121',
56,'La Cuarta  Palo Negro','0243','2117',
56,'La Curia  San Mateo','0244','2120',
56,'La Democracia  Maracay','0243','2101',
56,'La Encrucijada  Turmero','0244','2115',
56,'La Esmeralda  Maracay','0243','2103',
56,'La Esmeraldita  Maracay','0243','2103',
56,'La Floresta  Maracay','0243','2102',
56,'La Frontera  Palo Negro','0243','2117',
56,'La Frontera  Santa Cruz','0243','2123',
56,'La Fuente  Turmero','0244','2115',
56,'La Fundacion  Turmero','0244','2115',
56,'La Gallera  Maracay','0243','2103',
56,'La Hacienda  Cagua','0244','2122',
56,'La Haciendita  Santa Cruz','0243','2123',
56,'La Hamaca  Maracay','0243','2104',
56,'La Herrere├â┬▒a  19 de Abril, Maracay','0243','2107',
56,'La Iguana  El Consejo','0244','2118',
56,'La Independencia  Maracay','0243','2102',
56,'La Isabelita  Maracay','0243','2104',
56,'La Julia  Turmero','0244','2115',
56,'La Majada  Santa Cruz','0243','2123',
56,'La Maracaya  Maracay','0243','2103',
56,'La Mora  La Victoria','0244','2121',
56,'La Morita I y III  19 de Abril, Maracay','0243','2107',
56,'La Olla  El Consejo','0244','2118',
56,'La Ovallera  Palo Negro','0243','2117',
56,'La Participacion  Maracay','0243','2103',
56,'La Paz  19 de Abril, Maracay','0243','2107',
56,'La Paz  Maracay','0243','2103',
56,'La Pedrera  Maracay','0243','2102',
56,'La Pica  Palo Negro','0243','2117',
56,'La Primavera  La Victoria','0244','2121',
56,'La Providencia  19 de Abril, Maracay','0243','2107',
56,'La Punta  Maracay','0243','2103',
56,'La Represa  Villa de Cura','0244','2126',
56,'La Rinconada  Maracay','0243','2102',
56,'La Romana Nueva  Maracay','0243','2101',
56,'La Romana Vieja  Maracay','0243','2101',
56,'La Rosa  El Consejo','0244','2118',
56,'La Segundera  Cagua','0244','2122',
56,'La Soledad  Maracay','0243','2102',
56,'Las Acacias  Maracay','0243','2103',
56,'Las Animas I y II  Palo Negro','0243','2117',
56,'Las Brisas  Maracay','0243','2102',
56,'Las Brisas  Maracay','0243','2103',
56,'Las Carmenes  Maracay','0243','2104',
56,'Las Casitas  La Victoria','0244','2121',
56,'Las Cruces  Maracay','0243','2104',
56,'Las Delicias  Barrio, Maracay','0243','2102',
56,'Las Delicias  Maracay','0243','2103',
56,'Las Delicias  Maracay','0243','2102',
56,'Las Flores  Maracay','0243','2101',
56,'Las Flores  San Mateo','0244','2120',
56,'Las Luisas  El Consejo','0244','2118',
56,'Las Mayas  El Limón, Maracay','0243','2105',
56,'Las Mercedes  La Victoria','0244','2121',
56,'Las Mercedes  Maracay','0243','2104',
56,'Las Mercedes  Villa de Cura','0244','2126',
56,'Las Pe├â┬▒itas  Villa de Cura','0244','2126',
56,'Las Tunas  La Victoria','0244','2121',
56,'Las Vegas  Cagua','0244','2122',
56,'Las Vegas I y II  Maracay','0243','2103',
56,'Libertad  Maracay','0243','2104',
56,'Libertad  Tejerias','0244','2119',
56,'Libertador  19 de Abril, Palo Negro','0243','2107',
56,'Libertador  Maracay','0243','2104',
56,'Libertador  Palo Negro','0243','2117',
56,'Los Cachos  Tejerias','0244','2119',
56,'Los Caobos  Maracay','0243','2101',
56,'Los Caobos  Turmero','0244','2115',
56,'Los Cerritos  El Consejo','0244','2118',
56,'Los Chaguaramos  Maracay','0243','2103',
56,'Los Cocos  Cagua','0244','2122',
56,'Los Cocos  Maracay','0243','2103',
56,'Los Colorados  Villa de Cura','0244','2126',
56,'Los Galpones  Maracay','0243','2104',
56,'Los Hornos  Palo Negro','0243','2117',
56,'Los Jabillos  Maracay','0243','2103',
56,'Los Jabillos  Tejerias','0244','2119',
56,'Los Manguitos  Santa Cruz','0243','2123',
56,'Los Manguitos  Santa Cruz','0243','2123',
56,'Los Naranjos  Maracay','0243','2102',
56,'Los Naranjos  Palo Negro','0243','2117',
56,'Los N¡speros  Maracay','0243','2103',
56,'Los N¡speros  Turmero','0244','2115',
56,'Los Overos  Turmero','0244','2115',
56,'Los Pinos  Maracay','0243','2104',
56,'Los Proceres  Maracay','0243','2103',
56,'Los Rauceos  El Limón, Maracay','0243','2105',
56,'Los Rosales  Maracay','0243','2102',
56,'Los Samanes  Maracay','0243','2104',
56,'Los Tanques  La Victoria','0244','2121',
56,'Los Tubos  Maracay','0243','2104',
56,'Lourdes  Maracay','0243','2104',
56,'Magdaleno  Magdaleno','0244','2128',
56,'Malariolog¡a Antonio Aranguren  Palo Negro','0243','2117',
56,'Maracay II  Maracay','0243','2104',
56,'Marcelo Guzman  Turmero','0244','2115',
56,'Mario Briceño Iragorry  Maracay','0243','2103',
56,'Mariscal Sucre  Maracay','0243','2104',
56,'Maria Cristina  Maracay','0243','2104',
56,'Mata Redonda  Maracay','0243','2104',
56,'Mata Redonda  Maracay','0243','2103',
56,'Mata Seca  El Limón, Maracay','0243','2105',
56,'Medina Angarita  Cagua','0244','2122',
56,'Mendoza  Tejerias','0244','2119',
56,'Miranda  La Victoria','0244','2121',
56,'Monserrat  Santa Cruz','0243','2123',
56,'Mora 2  La Victoria','0244','2121',
56,'Morean Soto  19 de Abril, Maracay','0243','2107',
56,'Morian Soto  Maracay','0243','2103',
56,'Morita II  Maracay','0243','2103',
56,'Negro Primero  Villa de Cura','0244','2126',
56,'Niño de Jesús  El Consejo','0244','2118',
56,'Niño de Jesús  El Limón, Maracay','0243','2105',
56,'Oasis  Maracay','0243','2103',
56,'Ocumare de La Costa  Ocumare de La Costa','0243','2112',
56,'Ocumarito  Palo Negro','0243','2117',
56,'Orope  San Mateo','0244','2120',
56,'Palma Real  Maracay','0243','2103',
56,'Palo Negro  Palo Negro','0243','2117',
56,'Paraparal I, II, III  Maracay','0243','2103',
56,'Payita  Turmero','0244','2115',
56,'Peñuela Ruiz  Santa Cruz','0243','2123',
56,'Piñonal  Maracay','0243','2103',
56,'Piñonal Sur  Maracay','0243','2103',
56,'Polvor¡n  Turmero','0244','2115',
56,'Portachuelo  La Victoria','0244','2121',
56,'Primitivo de Jesús  La Victoria','0244','2121',
56,'Pueblo Nuevo  Tejerias','0244','2119',
56,'Puerto Colombia','0243','2113',
56,'Quebrada de Pipe  San Mateo','0244','2120',
56,'Rafael Caldera  Maracay','0243','2103',
56,'Rafael Urdaneta  Maracay','0243','2103',
56,'Residencias Coromoto  Maracay','0243','2101',
56,'Rodriguez Palencia  19 de Abril, Maracay','0243','2107',
56,'Rosario de Paya  Turmero','0244','2115',
56,'Ruiz  Tejerias','0244','2119',
56,'Rio Blanco I y II  Maracay','0243','2103',
56,'Rómulo Gallegos  Ocumare de La Costa - Cagua','0243','2122',
56,'Sabaneta  El Consejo','0244','2118',
56,'Saman de Guere  19 de Abril, Maracay','0243','2107',
56,'San Carlos  Maracay','0243','2103',
56,'San Carlos  Turmero','0244','2115',
56,'San Francisco  Maracay','0243','2102',
56,'San Francisco de As¡s','0243','2125',
56,'San Ignacio  Maracay','0243','2104',
56,'San Isidro  Maracay','0243','2101',
56,'San Jacinto  Maracay','0243','2102',
56,'San Joaqu¡n de Turmero  19 de Abril Maracay','0243','2107',
56,'San José  Maracay','0243','2103',
56,'San Luis  Maracay','0243','2103',
56,'San Mateo  San Mateo','0244','2120',
56,'San Miguel  Maracay','0243','2102',
56,'San Miguel  Maracay','0243','2104',
56,'San Miguel  Maracay','0243','2103',
56,'San Miguel  Palo Negro','0243','2117',
56,'San Pablo  Turmero','0244','2115',
56,'San Pedro Alejandrino  Maracay','0243','2103',
56,'San Vicente  Maracay','0243','2104',
56,'San Vicente I y II  Maracay','0243','2104',
56,'Santa Ana  Maracay','0243','2103',
56,'Santa Ana  Palo Negro','0243','2117',
56,'Santa Cruz  Santa Cruz','0243','2123',
56,'Santa Eduvigis  Maracay','0243','2102',
56,'Santa Elena  Palo Negro','0243','2117',
56,'Santa Rita  Maracay','0243','2103',
56,'Santa Rosa  Maracay','0243','2104',
56,'Santa Rosal¡a  Cagua','0244','2122',
56,'Santa Rosal¡a  Palo Negro','0243','2117',
56,'Santo Domingo  El Consejo','0244','2118',
56,'Sergio Medina  Maracay','0243','2103',
56,'Simon Bolívar  El Consejo','0244','2118',
56,'Simon Rodriguez  Maracay','0243','2103',
56,'Soco  La Victoria','0244','2121',
56,'Sorocaima I y II  19 de Abril, Maracay','0243','2107',
56,'Sucre  19 de Abril, Maracay','0243','2107',
56,'Sucre  La Victoria','0244','2121',
56,'Sucre  Maracay','0243','2102',
56,'Surupei  Santa Cruz','0243','2123',
56,'Tamarindo  Maracay','0243','2103',
56,'Tejer¡as  Maracay','0243','2105',
56,'Tejer¡as  Tejerias','0244','2119',
56,'Tierra Amarilla  Tejerias','0244','2119',
56,'Tinapuey I y II  Tejerias','0244','2119',
56,'Tiuna  Maracay','0243','2101',
56,'Toronjal  Maracay','0243','2104',
56,'Trapiche del Medio  El Consejo','0244','2118',
56,'Tucutunemo','0243','2126',
56,'Turagua  Santa Cruz','0243','2123',
56,'Turmero  Turmero','0244','2115',
56,'Union  San Mateo','0244','2120',
56,'Valle Fresco  Turmero','0244','2115',
56,'Valle Lindo I, II  Turmero','0244','2115',
56,'Valle Verde  Maracay','0243','2105',
56,'Victoria  La Victoria','0244','2121',
56,'Villa Zuica','0244','2123',
56,'Villa de Cura  Villa de Cura','0244','2126',
56,'V¡a Colonia Tovar  La Victoria','0244','2121',
56,'Yarabi','0244','2122',
56,'Zamora','0244','2120',
56,'Zuata','0244','2127',
56,'Barbacoas','0244','2301',
56,'Buenos Aires  Maracay','0243','2103',
56,'Camatagua','0246','2335',
56,'Carmen de Cura','0243','2335',
56,'Cuyagua','0243','2112',
56,'El Pinal  Maracay','0243','2101',
56,'Guiripa','0243','2338',
56,'Independencia  Maracay','0243','2101',
56,'La Coromoto  maracay','0243','2101',
56,'San Casimiro','0246','2338',
56,'San Francisco de Cara','0243','2335',
56,'San Sebastian','0246','2340',
56,'Taguay','0243','2335',
56,'Tapatapa','0243','2101',
56,'Valle Morin','0244','2338',
56,'Valle Verde  Maracay','0243','2101',
56,'Villa de Cura','0244','2126',
56,'Yarab¡','0244','2122',
56,'Zuata','0244','2127',
55,'Achaguas','0247','7002',
55,'Apurito','0247','7003',
55,'Arichuna','0247','7001',
55,'Biruaca','0247','7007',
55,'Bruzual','0240','7005',
55,'Camaguan','0247','7007',
55,'Cazorla','0247','7001',
55,'Cunaviche','0247','7001',
55,'El Samán de Apure','0247','7001',
55,'El Yagual','0247','7001',
55,'Elorza','0240','7011',
55,'Guasimal','0247','7001',
55,'Guayabal','0247','7001',
55,'Guachara','0247','7001',
55,'La Trinidad de Orichuna','0247','7001',
55,'Mantecal','0247','7010',
55,'Municipio Quintero','0247','7001'
55,'Puerto Nova','0247','7001',
55,'San Fernando','0247','7001',
55,'San Juan de Payara','0247','7001',
55,'San Juan de Payara','0247','7004',
55,'San Rafael de Atamaica','0247','7001',
55,'San Vicente','0247','7001',
63,'Altagracia de Orituco','0246','2320',
63,'Barbacoa','0246','2334',
63,'Calabozo','0246','2312',
63,'Camatagua','0246','2335',
63,'Cambural de Cataure','0246','2301',
63,'Carmen de Cura','0246','2311',
63,'Chaguaramas','0246','2358',
63,'Corozopando','0246','2301',
63,'Dos Caminos','0246','2301',
63,'El Calvario','0246','2303',
63,'El Caro de La Negra','0246','2301',
63,'El Corozo','0246','2301',
63,'El Palito','0246','2301',
63,'El Punzon','0246','2301',
63,'El Rastro','0246','2304',
63,'El Socorro','0246','2355',
63,'El Sombrero','0246','2319',
63,'Espino','0246','2301',
63,'Francisco de Tiznado','0246','2301',
63,'Guardatinaja','0246','2316',
63,'Guaripa','0246','2301',
63,'Ipare de Orituco','0246','2301',
63,'La Arboleda','0246','2301',
63,'La Esperanza','0246','2301',
63,'Las Mercedes del Llano','0246','2356',
63,'Las Minas','0246','2301',
63,'Lezama','0246','2301',
63,'Libertad de Orituco','0246','2301',
63,'Mamonal','0246','2301',
63,'Ort¡z','0246','2302',
63,'Parapara de Ort¡z','0246','2301',
63,'Paso Real de Macaira','0246','2301',
63,'Pirital','0246','2301',
63,'Roblecito','0246','2301',
63,'Sabana Grande de Orituco','0246','2301',
63,'San Casimiro','0246','2338',
63,'San Francisco de Cara','0246','2301',
63,'San Francisco de Macaira','0246','2301',
63,'San José de Anare','0246','2301',
63,'San José de Guaribe','0246','2301',
63,'San José de Tiznados','0246','2305',
63,'San Juan de los Morros','0246','2301',
63,'San Rafael de Laya','0246','2301',
63,'San Rafael de Orituco','0246','2301',
63,'San Sebastian','0246','2340',
63,'Santa Maria de Ipire','0246','2354',
63,'Taguay','0246','2301',
63,'Tucupido','0246','2301',
63,'Valle La Pascua','0246','2350',
63,'Valle de Mor¡n  Aragua','0246','2301',
63,'Zaraza','0246','2332',
63,'Cabruta','0246','8007',
63,'Camatagua','0246','7001',
63,'Cazorla','0246','2301',
63,'Los Pozotes','0246','2301',
63,'San Jose Unare','0246','2351',
63,'Santa Rita de Manapire','0246','2301',
62,'Acurigua','0268','4101',
62,'Adaure','0268','4102',
62,'Agua Clara','0268','4102',
62,'Agua Larga','0268','4101',
62,'Agua Linda','0268','4110',
62,'Agua Salada','0268','4101',
62,'Aguide','0268','4101',
62,'Amuay','0268','4101',
62,'Aracua','0268','4101',
62,'Boca de Mangle','0268','4101',
62,'Boca de Tocuyo','0268','4101',
62,'Borojo','0268','4118',
62,'Cabure','0268','4101',
62,'Caja de Agua','0268','4150',
62,'Capadare','0259','4101',
62,'Capatarida','0279','4118',
62,'Casigua','0268','4101',
62,'Chichiriviche','0259','2054',
62,'Churuguara','0268','4152',
62,'Coro','0268','4101',
62,'Corralito','0268','4101',
62,'Curamichate','0268','4101',
62,'Curar¡','0268','4101',
62,'Curimagua','0268','4101',
62,'Dabajuro','0279','4118',
62,'El Charal','0268','4101',
62,'El Vinculo','0268','4101',
62,'Guaibacoa','0268','4101',
62,'Jadacaquiva','0268','4101',
62,'Jacura','0268','4110',
62,'La Chapa','0268','4101',
62,'La Cruz de Taratara','0268','4114',
62,'La Negrita','0268','4101',
62,'La Pastora','0268','4101',
62,'La Tabla','0268','4101',
62,'La Taza','0268','4101',
62,'La Vela de Coro','0268','4132',
62,'Lizardo','0268','4101',
62,'Mancillar de La Costa','0268','4101',
62,'Maparari','0268','4104',
62,'Mataruca','0268','4101',
62,'Mene Mauroa','0279','4117',
62,'Mirimire','0259','4110',
62,'Mitare','0268','4101',
62,'Pecaya','0268','4101',
62,'Pedregal','0268','4137',
62,'Piedra Grande','0268','4136',
62,'Pueblo Cumarebo','0268','4101',
62,'Pueblo Nuevo de La Sierra','0268','4101',
62,'Pueblo Nuevo de Paraguana','0268','4150',
62,'Puerto Cumarebo','0268','4167',
62,'Punta Cardon','0268','4154',
62,'Punto Fijo','0268','4102',
62,'P¡ritu','0268','4103',
62,'San José de Bruzual','0268','4101',
62,'San José de Seque','0268','4101',
62,'San Juan de Los Cayos','0259','2054',
62,'San Lorenzo','0268','4101',
62,'San Lorenzo  El Menen','0268','4101',
62,'San Luis','0268','4109',
62,'San Miguel de Macoruca','0268','4101',
62,'Santa Cruz de Bucaral','0268','4101',
62,'Tocopero','0268','4101',
62,'Tocumo de La Rosita','0268','4101',
62,'Tupure','0268','4101',
62,'Urumaco','0268','4101',
62,'Zazarida','0268','4101',
62,'Baraived','0268','4102',
62,'Bariro','0268','4101',
62,'Pureche','0268','4101',
62,'Santa Ana','0268','4102',
52,'Ant¡mano  Caracas','0','1000',
52,'Araguita','0','1223',
52,'Barrio 11 de Agosto  Caracas','0','1010',
52,'Barrio 12 de Octubre  Caracas','0','1073',
52,'Barrio 1','0','1073',
52,'Barrio 24 de Julio  Caracas','0','1073',
52,'Barrio 29 de Julio  Caracas','0','1020',
52,'Barrio 5 de Julio  Caracas','0','1073',
52,'Barrio Agricultura  Caracas','0','1073',
52,'Barrio Agua Amarilla  Caracas','0','1073',
52,'Barrio Aguacatico  Caracas','0','1073',
52,'Barrio Aguacaticos  Caracas','0','1040',
52,'Barrio Ajuro  Caracas','0','1040',
52,'Barrio Alberto Ravell  Caracas','0','1010',
52,'Barrio Alcabala  Caracas','0','1073',
52,'Barrio Alfredo Rojas  Caracas','0','1020',
52,'Barrio Anauco  Caracas','0','1010',
52,'Barrio Andres Bello  Caracas','0','1050',
52,'Barrio Andres Eloy Blanco  Caracas','0','1030',
52,'Barrio Angarita  Caracas','0','1030',
52,'Barrio Antonio José de Sucre  Caracas','0','1073',
52,'Barrio Boca de Lobo  Caracas','0','1000',
52,'Barrio Bosque de la Virgen  Caracas','0','1083',
52,'Barrio Brisas de Casalta  Caracas','0','1030',
52,'Barrio Brisas de Petare  Caracas','0','1073',
52,'Barrio Brisas de Propatria  Caracas','0','1030',
52,'Barrio Brisas del Para¡so  Caracas','0','1020',
52,'Barrio Bruzual  Caracas','0','1040',
52,'Barrio Buenos Aires El Paraiso','0','1020',
52,'Barrio Buenos Aires Petare','0','1073',
52,'Barrio Campo Rico  Caracas','0','1073',
52,'Barrio Caraballo  Caracas','0','1000',
52,'Barrio Carapa  Caracas','0','1000',
52,'Barrio Carapita  Caracas','0','1000',
52,'Barrio Caucaguita','0','1073',
52,'Barrio Caño Amarillo  Caracas','0','1030',
52,'Barrio Centro Italo  Caracas','0','1080',
52,'Barrio Cerro Grande  Caracas','0','1040',
52,'Barrio Colon  Caracas','0','1030',
52,'Barrio Copey  Caracas','0','1000',
52,'Barrio Coromoto  Caracas','0','1020',
52,'Barrio Corral de Piedra  Caracas','0','1000',
52,'Barrio Cortada de Catia  Caracas','0','1030',
52,'Barrio Cortijos  Caracas','0','1050',
52,'Barrio Cotiza  Caracas','0','1010',
52,'Barrio Cristal  Caracas','0','1000',
52,'Barrio El Algodonal  Caracas','0','1020',
52,'Barrio El Calvario  Caracas','0','1030',
52,'Barrio El Campito  Caracas','0','1073',
52,'Barrio El Carmen Catia','0','1030',
52,'Barrio El Cerrito  Caracas','0','1073',
52,'Barrio El Desv¡o  Caracas','0','1040',
52,'Barrio El Encanto  Caracas','0','1073',
52,'Barrio El Esfuerzo  Caracas','0','1073',
52,'Barrio El Guarataro  Caracas','0','1020',
52,'Barrio El Guire  Caracas','0','1080',
52,'Barrio El Mamon  Caracas','0','1010',
52,'Barrio El Manguito San Agustin del Sur','0','1010',
52,'Barrio El Matadero  Caracas','0','1073',
52,'Barrio El Mirador  Caracas','0','1030',
52,'Barrio El Morro  Caracas','0','1073',
52,'Barrio El Mosquito  Caracas','0','1073',
52,'Barrio El Nazareno  Caracas','0','1030',
52,'Barrio El Observatorio  Caracas','0','1030',
52,'Barrio El Refugio  Caracas','0','1030',
52,'Barrio El Retiro  Caracas','0','1010',
52,'Barrio El Sifon  Caracas','0','1000',
52,'Barrio El Triangulo El Cementerio','0','1040',
52,'Barrio El Triangulo La Vega','0','1020',
52,'Barrio Fundacion Mendoza  Caracas','0','1073',
52,'Barrio Fatima I y II  Caracas','0','1073',
52,'Barrio Gato Negro  Caracas','0','1030',
52,'Barrio Gramoven  Caracas','0','1030',
52,'Barrio Guaicaipuro I  Caracas','0','1030',
52,'Barrio Guaicaipuro II  Caracas','0','1030',
52,'Barrio Guaicoco  Caracas','0','1073',
52,'Barrio Guzman Blanco  Caracas','0','1020',
52,'Barrio Hoyada  Caracas','0','1020',
52,'Barrio Hoyo de Las Delicias  Caracas','0','1050',
52,'Barrio Isa¡as Medina  Caracas','0','1030',
52,'Barrio Jardín  Caracas','0','1010',
52,'Barrio José Felix Rivas  Caracas','0','1073',
52,'Barrio José Gregorio Hernandez  Caracas','0','1010',
52,'Barrio Juan XXIII  Caracas','0','1000',
52,'Barrio Julian Blanco  Caracas','0','1073',
52,'Barrio La Bandera  Caracas','0','1040',
52,'Barrio La Barraca  Caracas','0','1040',
52,'Barrio La Bombilla  Caracas','0','1073',
52,'Barrio La Ceiba  Caracas','0','1010',
52,'Barrio La Ceibita  Caracas','0','1040',
52,'Barrio La Charneca  Caracas','0','1010',
52,'Barrio La Cuesta  Caracas','0','1073',
52,'Barrio La Dolorita  Caracas','0','1073',
52,'Barrio La Lagunita  Caracas','0','1073',
52,'Barrio La Libertad  Caracas','0','1073',
52,'Barrio La L¡nea  Caracas','0','1073',
52,'Barrio La Mampita  Caracas','0','1073',
52,'Barrio La Matanza  Caracas','0','1040',
52,'Barrio La Pedrera  Caracas','0','1073',
52,'Barrio La Planada  Caracas','0','1073',
52,'Barrio La Puma Rosa  Caracas','0','1073',
52,'Barrio La Rubia  Caracas','0','1073',
52,'Barrio La Silsa  Caracas','0','1030',
52,'Barrio La Trilla  Caracas','0','1010',
52,'Barrio La Veguita  Caracas','0','1020',
52,'Barrio La Yaguara II  Caracas','0','1000',
52,'Barrio Ladera  Caracas','0','1020',
52,'Barrio Larrazabal  Caracas','0','1030',
52,'Barrio Las Adjuntas  Caracas','0','1000',
52,'Barrio Las Luces  Caracas','0','1040',
52,'Barrio Las Mayas  Caracas','0','1090',
52,'Barrio Las Tapias  Caracas','0','1073',
52,'Barrio Las Tun¡tas  Caracas','0','1030',
52,'Barrio Los Alpes  Caracas','0','1040',
52,'Barrio Los Andinos  Caracas','0','1010',
52,'Barrio Los Cangilones  Caracas','0','1020',
52,'Barrio Los Cujicitos San Jose','0','1010',
52,'Barrio Los Cujicitos La Vega','0','1020',
52,'Barrio Los Erasos  Caracas','0','1010',
52,'Barrio Los Eucaliptos  Caracas','0','1020',
52,'Barrio Los Frailes','0','1030',
52,'Barrio Los Higitos','0','1030',
52,'Barrio Los Lanos  Caracas','0','1010',
52,'Barrio Los Manolos  Caracas','0','1050',
52,'Barrio Los Mecedores  Caracas','0','1010',
52,'Barrio Los Paraparos  Caracas','0','1020',
52,'Barrio L¡dice  Caracas','0','1010',
52,'Barrio Maca  Caracas','0','1073',
52,'Barrio Mamera  Caracas','0','1000',
52,'Barrio Mar¡n  Caracas','0','1010',
52,'Barrio Medina Angarita  Caracas','0','1073',
52,'Barrio Mesuca  Caracas','0','1073',
52,'Barrio Minas de Baruta  Caracas','0','1080',
52,'Barrio Naranjal 1 y 2  Caracas','0','1020',
52,'Barrio Nazareno  Caracas','0','1073',
52,'Barrio Negro Primero  Caracas','0','1073',
52,'Barrio Nuevo Chapellin  Caracas','0','1050',
52,'Barrio Nuevo Mundo  Caracas','0','1020',
52,'Barrio Palo Grande  Caracas','0','1020',
52,'Barrio Plan de Manzano','0','1030',
52,'Barrio Ruperto Lugo','0','1030',
52,'Baruta  Caracas','0','1080',
52,'Bella Vista  Caracas','0','1073',
52,'Birongo','0','1232',
52,'Cafetal  Caracas','0','1061',
52,'Candelaria  Caracas','0','1010',
52,'Caricuao  Caracas','0','1083',
52,'Carmeliatas  Caracas','0','1010',
52,'Carpintero  Caracas','0','1073',
52,'Centro Comercial Tamanaco  Caracas','0','1064',
52,'Centro Medico Docente  Caracas','0','1083',
52,'Chichiriviche','0','1162',
52,'Colonia Mendoza','0','1209',
52,'Corocito','0','1209',
52,'El Clavo','0','1241',
52,'El Polvor¡n  Caracas','0','1010',
52,'El Valle','0','1090',
52,'La Candelaria  Caracas','0','1010',
52,'La Democracia','0','1209',
52,'La Pastora  Caracas','0','1010',
52,'La Vega  Caracas','0','1020',
52,'Las Casitas  Caracas','0','1020',
52,'Llanos de Miquillen','0','1201',
52,'Loma del Aguila  Caracas','0','1080',
52,'Lomas de Terrabel  Caracas','0','1083',
52,'Los Magallanes','0','1030',
52,'Macarao  Caracas','0','1000',
52,'Merecure','0','1241',
52,'Panaquire','0','1226',
52,'Para','0','1020',
52,'Parroquia Altagracia  Caracas','0','1010',
52,'Parroquia Catedral  Caracas','0','1010',
52,'Parroquia Santa Teresa  Caracas','0','1010',
52,'Piedra Azul  Caracas','0','1080',
52,'Piedras Pintadas  Caracas','0','1083',
52,'Pinto Salinas  Caracas','0','1050',
52,'Plaza Venezuela  Caracas','0','1050',
52,'Potrerito  Caracas','0','1090',
52,'Prado de Maria  Caracas','0','1040',
52,'Primero de Mayo  Caracas','0','1010',
52,'Propatria','0','1030',
52,'Providencia  Caracas','0','1040',
52,'Puerta de Caracas  Caracas','0','1010',
52,'Perez Bonalde  Caracas','0','1030',
52,'Quebrada Honda  Caracas','0','1050',
52,'Quinta Crespo  Caracas','0','1010',
52,'Quiripital','0','1209',
52,'Ruiz Pineda  Caracas','0','1000',
52,'Sabana Grande  Caracas','0','1050',
52,'Sabana de Blanco','0','1010',
52,'San Agustín del Norte  Caracas','0','1010',
52,'San Agustín del Sur  Caracas','0','1010',
52,'San Andres  Caracas','0','1040',
52,'San Antonio Caracas','0','1050',
52,'San Antonio  Caracas','0','1040',
52,'San Antonio Lander','0','1215',
52,'San Bernardino  Caracas','0','1010',
52,'San José  Caracas','0','1010',
52,'San José del Avila  Caracas','0','1010',
52,'San Luis  Caracas','0','1061',
52,'San Marino  Caracas','0','1060',
52,'San Mart¡n  Caracas','0','1020',
52,'San Michele  Caracas','0','1071',
52,'San Miguel  Caracas','0','1073',
52,'San Miguel  Caracas','0','1040',
52,'San Miguel  Caracas','0','1020',
52,'San Pascual  Caracas','0','1073',
52,'San Rafael o Sucre  Caracas','0','1020',
52,'San Roman  Caracas','0','1061',
52,'Sans Souci  Caracas','0','1050',
52,'Santa Ana  Caracas','0','1061',
52,'Santa Barbara','0','1243',
52,'Santa Cecilia Caracas','0','1071',
52,'Santa Clara Caracas','0','1061',
52,'Santa Eduvigis Caracas','0','1071',
52,'Santa Fe Caracas','0','1080',
52,'Santa Gertrudis','0','1080',
52,'Santa Inés Caracas','0','1080',
52,'Santa Marta Caracas','0','1061',
52,'Santa Maria Caracas','0','1071',
52,'Santa Mónica Caracas','0','1040',
52,'Santa Rosa Caracas','0','1050',
52,'Santa Sof¡a Caracas','0','1061',
52,'Sartenejas Caracas','0','1080',
52,'Simon Rodriguez  Caracas','0','1050',
52,'Solares del Carmen  Caracas','0','1083',
52,'Sorocaima  Caracas','0','1080',
52,'Taguao','0','1162',
52,'Tapipa','0','1224',
52,'Terrazas de Carapita  Caracas','0','1000',
52,'Terrazas de Caricuao  Caracas','0','1000',
52,'Turiamo Caracas','0','1020',
52,'U.C.V.  Caracas','0','1053',
52,'Unidos Caracas','0','1000',
52,'Unión  Caracas','0','1020',
52,'Urbanización Las Americas  Caracas','0','1020',
52,'Urbanización La Colina  Caracas','0','1050',
52,'Urbanización Los Molinos  Caracas','0','1020',
52,'Urbanización  Caracas','0','1073',
52,'Urbanización 23 de Enero  Caracas','0','1030',
52,'Urbanización Alberto Ravell  Caracas','0','1040',
52,'Urbanización Alegr¡a  Caracas','0','1071',
52,'Urbanización Alta Florida  Caracas','0','1050',
52,'Urbanización Alta Vista  Caracas','0','1030',
52,'Urbanización Arvelo  Caracas','0','1020',
52,'Urbanización Bella Vista  Caracas','0','1020',
52,'Urbanización Bello Monte  Caracas','0','1050',
52,'Urbanización Bicentenario  Caracas','0','1090',
52,'Urbanización Bolívar  Caracas','0','1060',
52,'Urbanización Buen Pastor  Caracas','0','1071',
52,'Urbanización Buena Vista  Caracas','0','1073',
52,'Urbanización Campo Claro  Caracas','0','1071',
52,'Urbanización Cantarrana  Caracas','0','1080',
52,'Urbanización Caricuao  Caracas','0','1000',
52,'Urbanización Casalta II  Caracas','0','1030',
52,'Urbanización Casalta III  Caracas','0','1030',
52,'Urbanización Catia  Caracas','0','1030',
52,'Urbanización Cañada de La Iglesia  Caracas','0','1030',
52,'Urbanización Cementerio  Caracas','0','1040',
52,'Urbanización Chacaito  Caracas','0','1050',
52,'Urbanización Chapell¡n','0','1050',
52,'Urbanización Charallavito  Caracas','0','1080',
52,'Urbanización Ciudad Industrial Catia  Caracas','0','1030',
52,'Urbanización Coche  Caracas','0','1090',
52,'Urbanización Cochecito  Caracas','0','1090',
52,'Urbanización Colinas de Bella Vista  Caracas','0','1020',
52,'Urbanización Colinas de Coche  Caracas','0','1090',
52,'Urbanización Colinas de Las Acacias  Caracas','0','1040',
52,'Urbanización Colinas de Los Caobos  Caracas','0','1050',
52,'Urbanización Colinas de Los Chaguaramos  Caracas','0','1040',
52,'Urbanización Colinas de Santa M├â┬│nica  Caracas','0','1040',
52,'Urbanización Colinas de Vista Alegre  Caracas','0','1020',
52,'Urbanización Continente  Caracas','0','1030',
52,'Urbanización Coracrevi  Caracas','0','1080',
52,'Urbanización Cortijos de Sarr¡a  Caracas','0','1050',
52,'Urbanización Cristobal Rojas  Caracas','0','1090',
52,'Urbanización Delgado Chalbaud  Caracas','0','1090',
52,'Urbanización Diego de Lozada  Caracas','0','1010',
52,'Urbanización El Amparo  Caracas','0','1030',
52,'Urbanización El Bosque','0','1050',
52,'Urbanización El Bosque  Caracas','0','1050',
52,'Urbanización El Conde  Caracas','0','1010',
52,'Urbanización El Estadio  Caracas','0','1020',
52,'Urbanización El Manicomio','0','1030',
52,'Urbanización El Parque  Caracas','0','1071',
52,'Urbanización El Pinar  Caracas','0','1020',
52,'Urbanización El Rosario  Caracas','0','1071',
52,'Urbanización El Silencio  Caracas','0','1010',
52,'Urbanización El Topito  Caracas','0','1010',
52,'Urbanización Gran Colombia  Caracas','0','1040',
52,'Urbanización Guaicaipuro  Caracas','0','1050',
52,'Urbanización Guaicay  Caracas','0','1080',
52,'Urbanización Hijos de Dios  Caracas','0','1010',
52,'Urbanización Hipódromo  Caracas','0','1090',
52,'Urbanización Horizonte  Caracas','0','1071',
52,'Urbanización Hornos de Cal  Caracas','0','1010',
52,'Urbanización Industrial  Caracas','0','1030',
52,'Urbanización Industrial Carapa  Caracas','0','1000',
52,'Urbanización Industrial La Yaguara  Caracas','0','1020',
52,'Urbanización Industrial San Mart├â┬¡n  Caracas','0','1020',
52,'Urbanización Kennedy  Caracas','0','1000',
52,'Urbanización La Campiña  Caracas','0','1050',
52,'Urbanización La Florida  Caracas','0','1050',
52,'Urbanización La Hacienda  Caracas','0','1000',
52,'Urbanización La Haciendita  Caracas','0','1000',
52,'Urbanización La Montaña  Caracas','0','1020',
52,'Urbanización La Palmita  Caracas','0','1010',
52,'Urbanización La Paz  Caracas','0','1020',
52,'Urbanización La Quebradita  Caracas','0','1020',
52,'Urbanización La Rinconada  Caracas','0','1090',
52,'Urbanización La Union  Caracas','0','1083',
52,'Urbanización La Vizcaya  Caracas','0','1061',
52,'Urbanización Las Delicias  Caracas','0','1050',
52,'Urbanización Las Dos Rosas  Caracas','0','1020',
52,'Urbanización Las Flores de Puente Hierro  Caracas','0','1010',
52,'Urbanización Las Fuentes  Caracas','0','1020',
52,'Urbanización Las Lomas  Caracas','0','1080',
52,'Urbanización Las Lomas de La Florida  Caracas','0','1050',
52,'Urbanización Las Lomas de San Rafael  Caracas','0','1050',
52,'Urbanización Las Lomitas  Caracas','0','1020',
52,'Urbanización Las Marias  Caracas','0','1083',
52,'Urbanización Las Mesetas  Caracas','0','1061',
52,'Urbanización Las Palmas  Caracas','0','1050',
52,'Urbanización Loira  Caracas','0','1020',
52,'Urbanización Lomas de Propatria  Caracas','0','1030',
52,'Urbanización Lomas de San Romaín  Caracas','0','1061',
52,'Urbanización Lomas de Santa Marta  Caracas','0','1061',
52,'Urbanización Lomas de Urdaneta','0','1030',
52,'Urbanización Lomas del Mirador  Caracas','0','1061',
52,'Urbanización Longaray  Caracas','0','1040',
52,'Urbanización Los Campitos  Caracas','0','1080',
52,'Urbanización Los Caobos  Caracas','0','1050',
52,'Urbanización Los Carmenes  Caracas','0','1040',
52,'Urbanización Los Castaños  Caracas','0','1040',
52,'Urbanización Los Cedros  Caracas','0','1050',
52,'Urbanización Los Chaguaramos  Caracas','0','1040',
52,'Urbanización Los Geranios  Caracas','0','1083',
52,'Urbanización Los Guayabitos  Caracas','0','1080',
52,'Urbanización Los Laureles  Caracas','0','1020',
52,'Urbanización Los Mangos  La Florida, Caracas','0','1050',
52,'Urbanización Los Mangos  San Mart¡n, Caracas','0','1020',
52,'Urbanización Los Palos Grandes  Caracas','0','1060',
52,'Urbanización Los Pomelos  Caracas','0','1061',
52,'Urbanización Los Rosales  Caracas','0','1040',
52,'Urbanización Luis Hurtado','0','1030',
52,'Urbanización Mariperez  Caracas','0','1050',
52,'Urbanización Miranda  Casalta, Caracas','0','1030',
52,'Urbanización Mis Encantos  Caracas','0','1060',
52,'Urbanización Montalban  Caracas','0','1020',
52,'Urbanización Monte Cristo  Caracas','0','1071',
52,'Urbanización Monte Elena  Caracas','0','1080',
52,'Urbanización Monte Piedad','0','1030',
52,'Urbanización Monte Piedad  Caracas','0','1030',
52,'Urbanización Monterrey  Caracas','0','1080',
52,'Urbanización Nueva Caracas  Caracas','0','1030',
52,'Urbanización Nueva Granada','0','1040',
52,'Urbanización Oritopo  Caracas','0','1083',
52,'Urbanización Parque Avila  Caracas','0','1050',
52,'Urbanización Parque Carabobo  Caracas','0','1010',
52,'Urbanización Parque Central  Caracas','0','1010',
52,'Urbanización Parque Humboldt  Caracas','0','1080',
52,'Urbanización Pedro Camejo  Caracas','0','1050',
52,'Urbanización los flores de Catia','0','1030',
52,'Urdaneta  Caracas','0','1030',
52,'Valle Abajo  Caracas','0','1040',
52,'Valle Alto  Caracas','0','1073',
52,'Valle Arriba  Caracas','0','1061',
52,'Valle Fresco  Caracas','0','1073',
52,'Valmore Rodriguez  Caracas','0','1083',
52,'Valmore Rodriguez  Caracas','0','1000',
52,'Villa Croacia','0','1162',
52,'Villa Zoila  Caracas','0','1020',
52,'Vista Alegre  Caracas','0','1020',
52,'Washington  Caracas','0','1020',
52,'Zamora  Caracas','0','1040',
52,'Barrio Parate Bueno','0','1000',
52,'Barrio Providencia','0','1040',
52,'Barrio Puerta de Caracas','0','1010',
52,'Barrio Quebrada Honda','0','1050',
52,'Barrio Sabana Del Blanco','0','1010',
52,'Barrio San Andres','0','1040',
52,'Barrio San Miguel Cota 905','0','1020',
52,'Barrio San Pascual','0','1073',
52,'Barrio San Rafael o Sucre','0','1020',
52,'Barrio Simon Bolívar','0','1030',
52,'Barrio Unidos','0','1000',
52,'Barrio Valle Fresco','0','1073',
52,'Barrio Zamora','0','1040',
52,'Urbanización Las Lomas','0','1080',
52,'Urbanización Perez Bonalde','0','1030',
52,'Urbanización Piedra Azul','0','1080',
52,'Urbanización Pinto Salinas','0','1050',
52,'Urbanización Potrerito','0','1090',
52,'Urbanización Prados De Maria','0','1040',
52,'Urbanización Propatria','0','1030',
52,'Urbanización Quinta Crespo','0','1010',
52,'Urbanización Ruiz Pineda','0','1000',
52,'Urbanización Sabana Grande','0','1050',
52,'Urbanización San Agustin Del Norte','0','1010',
52,'Urbanización San Agustin Del Sur','0','1010',
52,'Urbanización San Antonio El Valle','0','1040',
52,'Urbanización San Antonio Sabana Grande','0','1050',
52,'Urbanización San Bernardino','0','1010',
52,'Urbanización San Jose Del Avila','0','1010',
52,'Urbanización San Luis','0','1061',
52,'Urbanización San Marino','0','1060',
52,'Urbanización San Mart¡n','0','1020',
52,'Urbanización San Michele','0','1071',
52,'Urbanización San Roman','0','1061',
52,'Urbanización Santa Ana','0','1061',
52,'Urbanización Santa Cecilia','0','1071',
52,'Urbanización Santa Clara','0','1061',
52,'Urbanización Santa Maria','0','1071',
52,'Urbanización Santa Monica','0','1040',
52,'Urbanización Santa Rosa','0','1050',
52,'Urbanización Santa Rosa De Lima','0','1061',
52,'Urbanización Sarria','0','1050',
52,'Urbanización Simon Rodriguez','0','1050',
52,'Urbanización Terraza De Caricuao','0','1000',
52,'Urbanización Terraza De Santa Monica','0','1040',
52,'Urbanización Urdaneta','0','1030',
52,'Urbanización Valmore Rodriguez','0','1000',
52,'Urbanización Valle Abajo','0','1040',
52,'Urbanización Valle Alto','0','1073',
52,'Urbanización Villa Zoila','0','1020',
52,'Urbanización Vista Alegre','0','1020',
52,'Urbanización Washington','0','1020',
52,'Villa Croacia','0','1162',
52,'Vista Al Mar','0','1030',
61,'Coporito','0287','6401',
61,'Curiapo','0287','6401',
61,'La Orquesta','0287','6401',
61,'Macareito','0287','6401',
61,'Pedernales','0287','6401',
61,'Piacoa','0287','6401',
61,'Sacupana','0287','6401',
61,'San José de Mazareito','0287','6401',
61,'Santa Catalina','0287','6401',
61,'Tabasca','0287','6401',
61,'Tucupita','0287','6401',
61,'Uracoa','0287','6401',
60,'Apartaderos','0258','2201',
60,'Arismendi','0258','2213',
60,'Cojedes','0258','2209',
60,'Cojeditos','0258','2201',
60,'El Amparo','0258','2216',
60,'El Baul','0258','2213',
60,'El Pao','0258','2214',
60,'Guadarrama','0258','2213',
60,'La Aguadita','0258','2207',
60,'La Sierra','0258','2203',
60,'Las Vegas','0258','2204',
60,'Libertad de Cojedes','0258','2216',
60,'Macapo','0258','2207',
60,'Manrique','0258','2203',
60,'San Carlos','0258','2201',
60,'Tinaco','0258','2206',
60,'Tinaquillo','0258','2209',
60,'Vallecito','0258','2207',
60,'Agua Linda','0258','2201',
60,'El Torito','0258','6401',
59,'13 de Septiembre  Valencia','0241','2001',
59,'19 de Abril  Valencia','0241','2001',
59,'1','0241','2006',
59,'1','0241','2001',
59,'24 Horas  Valencia','0241','2001',
59,'3 de Mayo','0241','2003',
59,'810  Valencia','0241','2001',
59,'Actoto Campesino Mirandita  Valencia','0241','2001',
59,'Agua Blanca  Valencia','0241','2001',
59,'Alegr¡a  Valencia','0241','2001',
59,'Alexander Burgos  Valencia','0241','2001',
59,'Altos De Guaparo  Valencia','0241','2001',
59,'Ambrosio Plaza  Valencia','0241','2001',
59,'America  Valencia','0241','2001',
59,'Andres Bello  Valencia','0241','2001',
59,'Antonio José de Sucre Norte, Sur  Valencia','0241','2001',
59,'Aquiles Nazoa  Valencia','0241','2001',
59,'Armando Celli  Valencia','0241','2001',
59,'Atlas  Valencia','0241','2001',
59,'Barrera','0241','2035',
59,'Base Naval','0242','2050',
59,'Bejuma','0249','2040',
59,'Bella Vista I, II, III Etapa  Valencia','0241','2001',
59,'Bello Monte 52, 2, 3','0241','2003',
59,'Big Low Center','0241','2003',
59,'Boca de Aroa','0241','2052',
59,'Boca de Tocuyo','0241','2053',
59,'Bocaina 1 y 2  Valencia','0241','2001',
59,'Borburata','0241','2050',
59,'Bosque Serino','0241','2006',
59,'Brisas del Sur  Valencia','0241','2001',
59,'Brisas del Terminal  Valencia','0241','2001',
59,'Barbula','0241','2005',
59,'Cabriales  Valencia','0241','2001',
59,'Camoruco  Valencia','0241','2001',
59,'Campo Alegre  Valencia','0241','2001',
59,'Campo Solo','0241','2006',
59,'Canaima  Valencia','0241','2001',
59,'Canoabo','0249','2040',
59,'Carabobo','0249','2035',
59,'Carabobo  Campo','0249','2035',
59,'Carmen Norte, Sur  Valencia','0241','2001',
59,'Cañaveral  Valencia','0241','2001',
59,'Central Tacarigua','0241','2003',
59,'Centro de Valencia  Valencia','0241','2001',
59,'Cesar Giro  Valencia','0241','2001',
59,'Chaguaramal  Valencia','0241','2001',
59,'Chichiriviche','0241','2054',
59,'Chirgua','0249','2044',
59,'Ciudad Jardín Mañongo  Valencia','0241','2001',
59,'Colinas de Guataparo  Valencia','0241','2001',
59,'Concordia  Valencia','0241','2001',
59,'Coromoto  Valencia','0241','2001',
59,'Daimer  Valencia','0241','2001',
59,'Democracia 1 y 2  Valencia','0241','2001',
59,'Don Bosco  Valencia','0241','2001',
59,'El Bosque  Valencia','0241','2001',
59,'El Calvario  Valencia','0241','2001',
59,'El Cambur','0241','2050',
59,'El Candelero  Valencia','0241','2001',
59,'El Combate  Valencia','0241','2001',
59,'El Consejo  Valencia','0241','2001',
59,'El Morro 1 y 2','0241','2006',
59,'El Pajal  Valencia','0241','2001',
59,'El Palito','0242','2050',
59,'El Palotal  Valencia','0241','2001',
59,'El Parral  Valencia','0241','2001',
59,'El Prado  Valencia','0241','2001',
59,'El Prebo I, II, III  Valencia','0241','2001',
59,'El Prebol  Valencia','0241','2001',
59,'El Recreo  Valencia','0241','2001',
59,'El Rincon  Valencia','0241','2001',
59,'El Roble','0241','2003',
59,'El Romancero  Valencia','0241','2001',
59,'El Socorro  Valencia','0241','2001',
59,'El Trigalito  Valencia','0241','2001',
59,'El Trompillo','0241','2010',
59,'El Viñedo  Valencia','0241','2001',
59,'El triunfo  Valencia','0241','2001',
59,'Escalona  Valencia','0241','2001',
59,'Escorcha  Valencia','0241','2001',
59,'Eutimio Rivas  Valencia','0241','2001',
59,'Ezequiel Zamora  Valencia','0241','2001',
59,'Federacion  Valencia','0241','2001',
59,'Finca  Los Taladros Valencia','0241','2001',
59,'Flor Amarilla','0241','2003',
59,'Flor Amarillo','0241','2003',
59,'Flores  Valencia','0241','2001',
59,'Florida Norte y Sur  Valencia','0241','2001',
59,'Francisco de Miranda  Valencia','0241','2001',
59,'Freddy Franco  Valencia','0241','2001',
59,'Goaigoaza','0241','2050',
59,'Guacara','0245','2015',
59,'Guataparo Country Club  Valencia','0241','2001',
59,'Guigue','0245','2010',
59,'Haras los Aguacates  Valencia','0241','2001',
59,'Impacto 1 y 2  Valencia','0241','2001',
59,'Industrial Carabobo','0241','2003',
59,'Industrial Castillito','0241','2003',
59,'Industrial La Guacamaya  Valencia','0241','2001',
59,'Industrial La Quizanda','0241','2003',
59,'Industrial Municipal Norte','0241','2003',
59,'Isabelita','0241','2003',
59,'José Gregorio Hernandez  Valencia','0241','2001',
59,'José Regino Peña Valencia','0241','2001',
59,'Kerdel  Valencia','0241','2001',
59,'La Arboleada  Valencia','0241','2001',
59,'La Blanquera  Valencia','0241','2001',
59,'La California  Valencia','0241','2001',
59,'La Castellana  Valencia','0241','2001',
59,'La Castrera  Valencia','0241','2001',
59,'La Entrada','0241','2005',
59,'La Esmeralda','0241','2006',
59,'La Florida  Valencia','0241','2001',
59,'La Guacamaya 1','0241','2001',
59,'La Isabelica','0241','2003',
59,'La L¡nea  Valencia','0241','2001',
59,'La Maestranza  Valencia','0241','2001',
59,'La Manguita  Valencia','0241','2001',
59,'La Milagrosa  Valencia','0241','2001',
59,'La Planta  Valencia','0241','2001',
59,'La Raya  Valencia','0241','2001',
59,'La Romana  Valencia','0241','2001',
59,'La Romanita  Valencia','0241','2001',
59,'La Sorpresa','0241','2050',
59,'Las Acacias  Valencia','0241','2001',
59,'Las Aguitas','0241','2003',
59,'Las Clavellinas  Valencia','0241','2001',
59,'Las Lomas  Valencia','0241','2001',
59,'Las Quintas','0241','2005',
59,'Las Trincheras','0241','2005',
59,'Libertador  Valencia','0241','2001',
59,'Llano Verde  Valencia','0241','2001',
59,'Lomas de Funval  Valencia','0241','2001',
59,'Lomas del Este  Valencia','0241','2001',
59,'Los Alpes  Valencia','0241','2001',
59,'Los Arales','0241','2006',
59,'Los Bucares 52, 2','0241','2003',
59,'Los Caimitos  Valencia','0241','2001',
59,'Los Caobos  Valencia','0241','2001',
59,'Los Cerritos','0241','2003',
59,'Los Colorados  Valencia','0241','2001',
59,'Los Criollitos  Valencia','0241','2001',
59,'Los Guayos','0241','2003',
59,'Los Harales','0241','2006',
59,'Los Jardines  Valencia','0241','2001',
59,'Los Magallanes','0241','2006',
59,'Los Mangos  Valencia','0241','2001',
59,'Los Manguitos  Valencia','0241','2001',
59,'Los Naranjos  Valencia','0241','2001',
59,'Los N¡speros  Valencia','0241','2001',
59,'Los Parques  Valencia','0241','2001',
59,'Los Pozones  Valencia','0241','2001',
59,'Los Sauces  Valencia','0241','2001',
59,'Los Taladros  Valencia','0241','2001',
59,'Los Viveros  Valencia','0241','2001',
59,'Luis Herrera Campins  Valencia','0241','2001',
59,'Mendoza Valencia','0241','2001',
59,'Michelena Norte y Sur','0241','2001',
59,'Miranda','0249','2041',
59,'Montalban','0249','2042',
59,'Monte Serino','0241','2006',
59,'Monumental  Valencia','0241','2001',
59,'Moran','0242','2051',
59,'Maximo Romero  Valencia','0241','2001',
59,'Naguanagua','0241','2005',
59,'Padre Alonzo  Valencia','0241','2001',
59,'Palma Real  Valencia','0241','2001',
59,'Paraparal','0241','2003',
59,'Parque Valencia','0241','2003',
59,'Parque el Trigal','0241','2001',
59,'Paso Real','0241','2003',
59,'Patanemo','0241','2050',
59,'Piedras Negras','0241','2003',
59,'Piedras Pintadas','0241','2001',
59,'Pueblo de Maraira','0241','2017',
59,'Pueblo de San Diego','0241','2006',
59,'Puerto Cabello','0242','2050',
59,'Punto Nutria','0241','2050',
59,'Rancho Grande','0241','2050',
59,'Renny Ottolina  Valencia','0241','2001',
59,'Ricardo Urriera  Valencia','0241','2001',
59,'Ritec  Valencia','0241','2001',
59,'Rosarito  Valencia','0241','2001',
59,'Ruiz Pineda 52, 2 y 3  Valencia','0241','2001',
59,'Sabana Larga  Valencia','0241','2001',
59,'San Agust¡n  Valencia','0241','2001',
59,'San Blas 52, 2  Valencia','0241','2001',
59,'San Blas Viejo  Valencia','0241','2001',
59,'San Diego','0241','2006',
59,'San Joaqu¡n','0245','2018',
59,'San José de Tarbes  Valencia','0241','2001',
59,'San Rafael  Valencia','0241','2001',
59,'San Sebastian  Valencia','0241','2001',
59,'Santa Ana  Valencia','0241','2001',
59,'Santa Cecilia  Valencia','0241','2001',
59,'Santa Eduvigis','0241','2005',
59,'Santa Teresa  Valencia','0241','2001',
59,'Sesquicentenario  Valencia','0241','2001',
59,'Simon Bolívar  Valencia','0241','2001',
59,'Taborda','0241','2050',
59,'Terraza de los N¡speros  Valencia','0241','2001',
59,'Tocuyito','0241','2035',
59,'Tocuyo de La Costa','0241','2053',
59,'Trigal Norte, Sur, Centro  Valencia','0241','2001',
59,'Tucacas','0242','2055',
59,'Unión  Valencia','0241','2001',
59,'Urama','0242','2051',
59,'Urbanización Ciudad Alianza','0241','2016',
59,'Urbanización el Morro','0241','2006',
59,'Valle de Aguirre','0241','2041',
59,'Valle de Camoruco  Valencia','0241','2001',
59,'Venezuela  Valencia','0241','2001',
59,'Victoria  Valencia','0241','2001',
59,'Vigirima','0241','2015',
59,'Villa Jardín','0241','2035',
59,'Vivienda Popular de los Guayos','0241','2003',
59,'Vivienda Rural los Arales','0241','2006',
59,'Yagua','0241','2015',
59,'Yuma 1 y 2','0241','2006',
59,'Zona Industrial La Isabelica','0241','2003',
59,'Urbanización Alegria','0241','2001',
59,'Urbanización Altos de Guaparo','0241','2001',
59,'Urbanización Camoruco','0241','2001',
59,'Urbanización Campo Alegre','0241','2001'
59,'Urbanización Campo Solo','0241','2001',
59,'Urbanización Carabobo','0241','2001',
59,'Urbanización Colinas de Guataparo','0241','2001',
59,'Urbanización Colon','0241','2005',
59,'Urbanización chaguaramal','0241','2001',
59,'Urbanización Don Bosco','0241','2001',
59,'Urbanización El Bosque','0241','2001',
59,'Urbanización El Morro 1 y 2','0241','2001',
59,'Urbanización El Palotal','0241','2001',
59,'Urbanización El Parral','0241','2001',
59,'Urbanización El Prado','0241','2001',
59,'Urbanización El Prebo I II III','0241','2001',
59,'Urbanización El Prebol','0241','2001',
59,'Urbanización El Recreo','0241','2001',
59,'Urbanización El Trigalito','0241','2001',
59,'Urbanización El Viñedo','0241','2001',
59,'Urbanización Flor Amarillo','0241','2003',
59,'Urbanización Fundacion Mendoza','0241','2001',
59,'Urbanización Guatsaparo Country Club','0241','2001',
59,'Urbanización Guayabal','0241','2001',
59,'Urbanización Kerdel','0241','2001',
59,'Urbanización La Arboleda','0241','2001',
59,'Urbanización La Castellana','0241','2001',
59,'Urbanización La Esmeralda','0241','2001',
59,'Urbanización La Guacamaya 1 2 3 Etapa','0241','2005',
59,'Urbanización La Isabelica','0241','2003',
59,'Urbanización La Via','0241','2001',
59,'Urbanización Las Acacias','0241','2001',
59,'Urbanización Las Clavellinas','0241','2001',
59,'Urbanización Las Quintas','0241','2005',
59,'Urbanización Lomas Del Este','0241','2001',
59,'Urbanización Los Arales','0241','2006',
59,'Urbanización Los Bucares 1 y 2','0241','2003',
59,'Urbanización Los Jardines','0241','2001',
59,'Urbanización Los Magallanes','0241','2006',
59,'Urbanización Los Naranjos','0241','2001',
59,'Urbanización Los Nisperos','0241','2001',
59,'Urbanización Los Sauces','0241','2001',
59,'Urbanización Mendoza 1.2.3.4.5.6.y.7','0241','2001',
59,'Urbanización Michelena Norte y Sur','0241','2001',
59,'Urbanización Monte Serino','0241','2001',
59,'Urbanización Nueva Esparta','0241','2001',
59,'Urbanización Parque El Trigal','0241','2001',
59,'Urbanización Parque Valencia','0241','2001',
59,'Urbanización Paso Real','0241','2001',
59,'Urabanización Piedras Pintada','0241','2001',
59,'Urbanizacion Ritec','0241','2001',
59,'Urbanización Terraza De Los Nisperos','0241','2001',
59,'Urbanización Trigal Norte Sur Centro','0241','2001',
59,'Urbanización Valle De Camoruco','0241','2001',
59,'Urdaneta','0241','2001',
59,'Valle De Aguirre','0241','2001',
59,'Victoria','0241','2001',
59,'Vigirima','0241','2001',
59,'Vivienda Popular De Los Guayos','0241','2001',
59,'Yagua','0241','2001',
59,'Yuma 1 y 2','0241','2006',
59,'Zona Industrial La Isabelica','0241','2003',
58,'Aripao','0285','8001',
58,'Caicara del Orinoco','0284','8007',
58,'Ciudad Bolívar','0285','8001',
58,'Ciudad Piar','0285','8003',
58,'Cuchiberos','0285','8001',
58,'El Callao','0288','8056',
58,'El Dorado','0288','8050',
58,'El Manteco','0288','8050',
58,'El Miamo','0285','8050',
58,'El Palmar','0288','8054',
58,'El Pao','0285','8050',
58,'Guasipati','0283','8050',
58,'Icabaru','0285','8001',
58,'Jabillal','0285','8050',
58,'Kanavayen','0285','8001',
58,'La Canoa','0285','8001',
58,'La Paragua','0288','8001',
58,'La Urbina','0285','8001',
58,'Las Bonitas','0285','8001',
58,'Las Trincheras','0285','8001',
58,'Los Castillos de Guayana','0285','8050',
58,'Los Morichales','0285','8001',
58,'Maripa','0285','8009',
58,'Matanzas','0285','8001',
58,'Moitaco','0285','8001',
58,'Puerto Ordaz','0286','8050',
58,'Puruey','0285','8001',
58,'San Francisco de La Paragua','0285','8001',
58,'San Felix','0285','8051',
58,'San Pedro de Las Bocas','0285','8001',
58,'Santa Cruz de Orinoco','0285','8001',
58,'Santa Elena de Uairen','0289','8011',
58,'Santa Rosal¡a','0285','8001',
58,'Santa Teresa de Canavayen','0285','8001',
58,'Soledad','0285','8013',
58,'Tumeremo','0288','8057',
58,'Upata','0288','8052',
58,'Vista Hermosa','0285','8001',
58,'Ciudad Guayana','0286','8050',
58,'Las Majadas','0285','8001',
74,'Agua Negra','0','3201',
74,'Albarico','0','3201',
74,'Aroa','0253','3210',
74,'Boraure','0','3201',
74,'Campo Elías','0253','3209',
74,'Chivacoa','0253','3202',
74,'Corocote','0254','3201',
74,'El CaseRio de Carabobo','0','3201',
74,'El Cedrito','0','3201',
74,'El Guayabo','0','3201',
74,'Farriar','0254','3222',
74,'Guama','0254','3207',
74,'Hato Viejo','0','3201',
74,'Independencia','0','3201',
74,'La Hoya','0','2050',
74,'Las Rositas','0','3201',
74,'Marín','0254','3206',
74,'Nirgua','0254','3205',
74,'Sabana de Parra','0253','3211',
74,'Salom','0254','3214',
74,'San Felipe','0254','3201',
74,'San Pablo','0254','3201',
74,'Taria','0','3201',
74,'Temerla','0','3201',
74,'Urachiche','0253','3201',
74,'Yaritagua','0253','3203',
74,'Yumare','0254','3201',
73,'Anare','0212','1160',
73,'Camuri Grande','0212','1160',
73,'Caraballeda','0212','1165',
73,'Carayaca','0212','1168',
73,'Catia La Mar','0212','1162',
73,'El Junquito','0212','1030',
73,'La Guaira','0212','1160',
73,'La Sabana','0212','1166',
73,'Las Salinas','0212','1162',
73,'Los Caracas','0212','1166',
73,'Macuto','0212','1160',
73,'Maiquet¡a','0212','1160',
73,'Marapa','0212','1162',
73,'Naiguata','0212','1160',
73,'Oricao','0212','1162',
73,'Puerto Carayaca','0212','1162',
73,'Urbanización Caribe','0212','1030',
73,'Urbanización El Junko Country Club','0212','1030',
75,'Aeropuerto La Chinita','0','4012',
75,'Alturitas','0','4047',
75,'Avenida Los Haticos Maracaibo','0261','4001',
75,'Bachaquero','0','4014',
75,'Barranca','0','4020',
75,'Barranquitas','0','4047',
75,'Barrio 14 de Noviembre  Maracaibo','0261','4005',
75,'Barrio 18 de Diciembre  Maracaibo','0261','4004',
75,'Barrio 19 de Abril  Maracaibo','0261','4005',
75,'Barrio 1','0261','4001',
75,'Barrio 1','0261','4005',
75,'Barrio 21 de Octubre  Maracaibo','0261','4001',
75,'Barrio 23 de Enero  Maracaibo','0261','4001',
75,'Barrio 24 de Julio  Maracaibo','0261','4004',
75,'Barrio 24 de Noviembre  Maracaibo','0261','4005',
75,'Barrio 24 de Octubre  Maracaibo','0261','4004',
75,'Barrio 28 de Diciembre  Maracaibo','0261','4004',
75,'Barrio 5 de Julio  Maracaibo','0261','4001',
75,'Barrio Alberto Carnevali  Maracaibo','0261','4005',
75,'Barrio Altamira  Maracaibo','0261','4001',
75,'Barrio Ana Maria Campos  Maracaibo','0261','4005',
75,'Barrio Andrades Labarca  Maracaibo','0261','4004',
75,'Barrio Ayacucho  Maracaibo','0261','4005',
75,'Barrio Betulio Gonzalez  Maracaibo','0261','4004',
75,'Barrio Blanco  Maracaibo','0261','4005',
75,'Barrio Bolivia  Maracaibo','0261','4001',
75,'Barrio Brisas del Sur  Maracaibo','0261','4001',
75,'Barrio Buena Vista  Maracaibo','0261','4001',
75,'Barrio Cabeza de Toro  Maracaibo','0261','4005',
75,'Barrio Calendario  Maracaibo','0261','4005',
75,'Barrio Canchancha  Maracaibo','0261','4002',
75,'Barrio Capitan Chico  Maracaibo','0261','4002',
75,'Barrio Carabobo  Maracaibo','0261','4004',
75,'Barrio Carmelo Urdaneta  Maracaibo','0261','4005',
75,'Barrio Cañada Honda  Maracaibo','0261','4001',
75,'Barrio Corazón de Jesús  Maracaibo','0261','4004',
75,'Barrio Corea  Maracaibo','0261','4001',
75,'Barrio Coromoto  Maracaibo','0261','4004',
75,'Barrio Cruz de Mayo  Maracaibo','0261','4001',
75,'Barrio Cuatricentenario  Maracaibo','0261','4001',
75,'Barrio Don Bosco  Maracaibo','0261','4002',
75,'Barrio El Amparo  Maracaibo','0261','4001',
75,'Barrio El Bajo Grande  Maracaibo','0261','4004',
75,'Barrio El Callao 1','0261','4004',
75,'Barrio El Cardonal  Maracaibo','0261','4004',
75,'Barrio El Corito  Maracaibo','0261','4001',
75,'Barrio El Guaicaipuro  Maracaibo','0261','4005',
75,'Barrio El Indio  Maracaibo','0261','4005',
75,'Barrio El Jazm¡n  Maracaibo','0261','4005',
75,'Barrio El Manzanillo  Maracaibo','0261','4004',
75,'Barrio El Oso  Maracaibo','0261','4001',
75,'Barrio El Pajal  Maracaibo','0261','4001',
75,'Barrio El Pedregal  Maracaibo','0261','4005',
75,'Barrio El Potente  Maracaibo','0261','4001',
75,'Barrio El Progreso  Maracaibo','0261','4001',
75,'Barrio El Puente  Maracaibo','0261','4001',
75,'Barrio El Silencio  Maracaibo','0261','4004',
75,'Barrio El Socorro  Maracaibo','0261','4001',
75,'Barrio El Valle  Maracaibo','0261','4002',
75,'Barrio El Vivero  Maracaibo','0261','4004',
75,'Barrio Francisco de Miranda  Maracaibo','0261','4005',
75,'Barrio Fundacion Mendoza  Maracaibo','0261','4001',
75,'Barrio Gallo Verde  Maracaibo','0261','4001',
75,'Barrio José Antonio Paez  Maracaibo','0261','4005',
75,'Barrio José Gregorio Hernandez  Maracaibo','0261','4004',
75,'Barrio José Hernandez  Maracaibo','0261','4001',
75,'Barrio La Bandera  Maracaibo','0261','4001',
75,'Barrio La Chinita  Maracaibo','0261','4001',
75,'Barrio La Ensenada  Maracaibo','0261','4004',
75,'Barrio La Limpia  Maracaibo','0261','4004',
75,'Barrio La Lucha  Maracaibo','0261','4002',
75,'Barrio La Manzana de Oro  Maracaibo','0261','4005',
75,'Barrio La Polar  Maracaibo','0261','4004',
75,'Barrio La Pomona','0','4001',
75,'Barrio La Rinconada  Maracaibo','0261','4005',
75,'Barrio La Salina  Maracaibo','0261','4002',
75,'Barrio La Unidad  Maracaibo','0261','4005',
75,'Barrio La Victoria  Maracaibo','0261','4005',
75,'Barrio Las Cabrias  Maracaibo','0261','4005',
75,'Barrio Las Marias  Maracaibo','0261','4001',
75,'Barrio Las Tarabas  Maracaibo','0261','4005',
75,'Barrio Las Tres Marias  Maracaibo','0261','4005',
75,'Barrio Leonardo Ruiz Pineda  Maracaibo','0261','4002',
75,'Barrio Libertad','0','4001',
75,'Barrio Libertador  Maracaibo','0261','4005',
75,'Barrio Los Andes  Maracaibo','0261','4001',
75,'Barrio Los Claveles  Maracaibo','0261','4001',
75,'Barrio Los Cortijos  Maracaibo','0261','4004',
75,'Barrio Los Cujicitos  Maracaibo','0261','4005',
75,'Barrio Los Estanques  Maracaibo','0261','4004',
75,'Barrio Los Manglares  Maracaibo','0261','4002',
75,'Barrio Los Olivos  Maracaibo','0261','4005',
75,'Barrio Los Pinos  Maracaibo','0261','4001',
75,'Barrio Los Planazos  Maracaibo','0261','4005',
75,'Barrio Los Robles  Maracaibo','0261','4004',
75,'Barrio Los Sufridos  Maracaibo','0261','4005',
75,'Barrio Marite  Maracaibo','0261','4005',
75,'Barrio Mision  Maracaibo','0261','4001',
75,'Barrio Monte Claro  Maracaibo','0261','4002',
75,'Barrio Nueva Independencia  Maracaibo','0261','4005',
75,'Barrio Nueva V¡a  Maracaibo','0261','4005',
75,'Barrio Nuevo Maracaibo','0261','4005',
75,'Barrio Nuevo Mundo  Maracaibo','0261','4002',
75,'Barrio Obrero  Maracaibo','0261','4005',
75,'Barrio Panamericano  Maracaibo','0261','4005',
75,'Barrio Para¡so  Maracaibo','0261','4004',
75,'Barrio Pueblo Aparte  Maracaibo','0261','4002',
75,'Barrio Pueblo Nuevo  Maracaibo','0261','4002',
75,'Barrio Puerto Cabello  Maracaibo','0261','4002',
75,'Barrio Puerto Rico  Maracaibo','0261','4001',
75,'Barrio Puntica de Piedra  Maracaibo','0261','4002',
75,'Barrio Rancheria  Maracaibo','0261','4001',
75,'Barrio Raúl Leoni  Maracaibo','0261','4005',
75,'Barrio Ricardo Aguirre  Maracaibo','0261','4001',
75,'Barrio Robinson Ferreira  Maracaibo','0261','4004',
75,'Barrio Rómulo Betancourt  Maracaibo','0261','4005',
75,'Barrio Sabaneta  Maracaibo','0261','4001',
75,'Barrio San Agust¡n  Maracaibo','0261','4005',
75,'Barrio San Francisco  Maracaibo','0261','4004',
75,'Barrio San Javier  Maracaibo','0261','4004',
75,'Barrio San José  Maracaibo','0261','4001',
75,'Barrio San Luis  Maracaibo','0261','4002',
75,'Barrio San Miguel  Maracaibo','0261','4001',
75,'Barrio San Pedro  Maracaibo','0261','4001',
75,'Barrio San Rafael  Maracaibo','0261','4001',
75,'Barrio Santa Rosa de Agua  Maracaibo','0261','4002',
75,'Barrio Santa Rosa de Tierra  Maracaibo','0261','4002',
75,'Barrio Santo Domingo  Maracaibo','0261','4001',
75,'Barrio Sierra Maestra  Maracaibo','0261','4004',
75,'Barrio Simon Bolívar  Maracaibo','0261','4001',
75,'Barrio Sur America  Maracaibo','0261','4004',
75,'Barrio Tamanaco  Maracaibo','0261','4001',
75,'Barrio Teotiste de Gallegos  Maracaibo','0261','4002',
75,'Barrio Terepaima  Maracaibo','0261','4005',
75,'Barrio Tierra Negra  Maracaibo','0261','4002',
75,'Barrio Unión  Maracaibo','0261','4005',
75,'Barrio Valle FRio  Maracaibo','0261','4001',
75,'Barrio Venezuela  Maracaibo','0261','4005',
75,'Barrio Zulia  Maracaibo','0261','4005',
75,'Barrio de Estanques  Maracaibo','0261','4001',
75,'Barrio el Calvario  Maracaibo','0261','4001',
75,'Cabimas','0','4013',
75,'Calle Larga','0','4021',
75,'Campo Mara','0','4044',
75,'Campos Petroleros','0','4032',
75,'Carrasquero','0','4044',
75,'Carretal','0','4037',
75,'Cerro de Los Cachos  Maracaibo','0261','4002',
75,'Cerro de los Cachos  Maracaibo','0261','4002',
75,'Chiquinquira','0','4033',
75,'Ciudad Ojeda','0','4019',
75,'Cojoro','0','4037',
75,'Cojua','0','4037',
75,'Concepción','0','4032',
75,'Conjunto Residencial Gallo Verde  Maracaibo','0261','4001',
75,'El Mene','0','4020',
75,'El Moralito','0','4001',
75,'El Porton  Maracaibo','0261','4002',
75,'El Siete','0','4001',
75,'El Tablazo','0','4036',
75,'El Venado','0','4022',
75,'El Batey','0','3101',
75,'El Carmelo','0','4001',
75,'El Cinco','0','4001',
75,'El Consejo De Siruma','0','4001',
75,'El Guanabano','0','4001',
75,'El Guayabo','0','5101',
75,'El Laberinto','0','4032',
75,'El LLano','0','4001',
75,'Encontrados','0','5101',
75,'Las Delicias','0','4001',
75,'Los Haticos','0','4047',
75,'Los Teques','0','4001',
75,'Macoa','0','4021',
75,'Medio Cuarto','0','5101',
75,'Moralito','0','5101',
75,'Maracaibo','0','5101',
75,'Palmarejo','0264','4001',
75,'Guarero','0','4037',
75,'Villa del Rosario','0263','4047',
75,'Zona Central de La Ciudad  Maracaibo','0261','4001',
75,'Zona Industrial  Maracaibo','0261','4004',
75,'Arapuey','0','3101',
75,'Barrio de Estanques','0','4001',
75,'Barrio El Calvario','0','4001',
75,'Bobures','0','3158',
75,'Boscon','0','3101',
75,'Caja Seca  Nueva Bolivia','0','3158',
75,'Campo Mara','0','4044',
75,'Ceuta','0','4001',
72,'Agua Santa','0','3101',
72,'Agua Viva','0','3101',
72,'Altos de Estanque','0','3132',
72,'Arapuey  Merida','0','3164',
72,'Betijoque','0272','3104',
72,'Boconó','0272','3103',
72,'Bolivia','0','3157',
72,'Buena Vista','0','3101',
72,'Burbusay','0','3115',
72,'Cabimas','0','3141',
72,'Caja Seca  Nueva Bolivia','0','3141',
72,'Campo Alegre  Urbanización','0','3101',
72,'Campo Elías','0','3116',
72,'Carache','0272','3123',
72,'Carvajal','0','3102',
72,'Chejende','0272','3124',
72,'Cuicas','0272','3125',
72,'Dividive','0271','3107',
72,'El Batatal','0','3101',
72,'El Cenizo','0','3101',
72,'Escuque','0271','3105',
72,'Isnotu','0271','3109',
72,'Jaji','0','3145',
72,'La Ceiba','0271','3108',
72,'La Cejita','0','3149',
72,'La Cuchilla','0','3101',
72,'La Mesa de Esnujaque','0','3146',
72,'La Mulata','0','3101',
72,'La Plazuelita','0','3101',
72,'La Puerta','0271','3106',
72,'La Quebrada','0271','3147',
72,'La Unión','0','3101',
72,'Las Mesitas','0','3101',
72,'Mendoza Fria','0271','3122',
72,'Miton','0','3128',
72,'Monay','0272','3153',
72,'Monte Carmelo','0','3134',
72,'Motatan','0271','3140',
72,'Niquitao','0','3118',
72,'Nueva Bolivia','0','3101',
72,'Pampan','0272','3151',
72,'Pampanito','0272','3152',
72,'Punto Palmarito','0','3141',
72,'Sabana Grande','0','3101',
72,'Sabana Libre','0','3135',
72,'Sabana de Mendoza','0271','3110',
72,'San Cristobal de Torondoy','0','3133',
72,'San José de Palmira','0','3101',
72,'San Juan de Betijoque','0','3101',
72,'San Lazaro','0272','3154',
72,'San Miguel','0','3119',
72,'San Rafael de Bocono','0','3103',
72,'San Rafael de Carvajal','0','3101',
72,'Santa Ana','0272','3156',
72,'Santa Apolonia de Merida','0','3136',
72,'Santa Apolonia de Trujillo','0','3127',
72,'Santa Isabel','0','3113',
72,'Santa Rosa','0','3101',
72,'Torococo','0','3129',
72,'Torondoy','0','3101',
72,'Tostos','0271','3101',
72,'Trujillo','0272','3150',
72,'Trujillo  Casco Central','0272','3150',
72,'Valera','0271','3101',
72,'El Alto Escuque','0','3105',
72,'El Socorro','0','3101',
72,'La Concepción De Carache','0272','3150',
72,'La Concepción De Pampanito','0272','3150',
72,'La Plazuela','0','3150',
72,'Palmarito','0','3101',
72,'San Miguel De Bocono','0','3101',
72,'Santiago','0272','3101',
72,'Otras Poblaciones','0272','3150',
71,'Abejales','0277','5002',
71,'Aguas Calientes','0','5048',
71,'Boca de Grita','0','5020',
71,'Borota','0276','5033',
71,'Colon','0277','5003',
71,'Coloncito','0277','5038',
71,'Cordero','0276','5012',
71,'Delicias','0','5030',
71,'El Amparo','0','5062',
71,'El Carmen  Aldea','0','5038',
71,'El Cobre','0277','5021',
71,'El Hato de La Virgen','0','5010',
71,'El Nula','0','5063',
71,'El Pinal','0277','5032',
71,'El Pino','0','5007',
71,'El Potos¡','0','5020',
71,'El Teteo','0','5032',
71,'Guasdualito','0','5063',
71,'Independencia','0276','5009',
71,'La Concordia','0','5001',
71,'La Florida','0','5001',
71,'La Fria','0277','5020',
71,'La Fundacion','0','5001',
71,'La Grita','0277','5022',
71,'La Pedrera','0','5002',
71,'La Revancha','0','5017',
71,'La Rinconada','0','5048',
71,'La Tendida','0275','5038',
71,'La Victoria  Apure','0','5063',
71,'Las Dantas','0','5030',
71,'Libertad del Tachira','0','5010',
71,'Llano Largo','0','5022',
71,'Lobatera','0277','5036',
71,'Los Caneyes','0','5017',
71,'Los Kioscos','0','5001',
71,'Los Naranjos','0','5032',
71,'Michelena','0277','5037',
71,'Morotuto','0','5038',
71,'Nueva Arcadia','0','5048',
71,'Orope','0','5020',
71,'Palmarito','0','5065',
71,'Palmira','0276','5015',
71,'Patiecito','0','5015',
71,'Peribeca','0','5009',
71,'Pregonero','0277','5058',
71,'Pueblo Encima','0','5022',
71,'Pueblo Hondo','0','5022',
71,'Pueblo Las Hernandez','0','5038',
71,'Pueblo Nuevo','0','5001',
71,'Queniquea','0277','5001',
71,'Ramos','0','5030',
71,'Rubio','0276','5030',
71,'Rio Chiquito','0','5030',
71,'Sabana Grande','0','5022',
71,'San Antonio del Táchira','0276','5007',
71,'San Cristobal','0276','5001',
71,'San Felix','0','5003',
71,'San José de Bolívar','0','5054',
71,'San Juan Bautista','0','5001',
71,'San Pedro de Lirio','0','5003',
71,'San Simon','0','5038',
71,'Santa Ana','0276','5051',
71,'Santa Maria de Caparo Mérida','0','5002',
71,'Seboruco','0277','5027',
71,'Tariba','0276','5017',
71,'Umuquena','0277','5038',
71,'Ureña','0276','5048',
71,'Villa Páez','0','5030',
71,'Batatal','0','5001',
71,'El Corozo','0','5001',
71,'El Jordan','0','5001',
71,'Helechales','0','5001',
71,'Hernandez','0275','5001',
71,'San Felix De Urraca','0','5001',
71,'San Joaquin De Navay','0','5001',
71,'San Josecito','0276','5001',
71,'San Juan De Colon','0','5001',
71,'San Rafael Del Piñal','0','5032',
71,'Otras Poblaciones','0276','5001',
70,'Acarigua','0','6106',
70,'Altos de Sucre','0','6123',
70,'Araya','0293','6102',
70,'Arenas','0','6106',
70,'Bohordal','0','6150',
70,'Caiguire','0','6101',
70,'Campearito','0','6150',
70,'Campo Claro','0294','6101',
70,'Cariaco','0294','6126',
70,'Carupano','0294','6150',
70,'Casanay','0294','6168',
70,'Catuaro','0','6150',
70,'Chacopata','0','6101',
70,'Cristobal Colon','0','6160',
70,'Cumanacoa','0293','6106',
70,'Cumana','0293','6101',
70,'El Morro','0','6163',
70,'El Paujil','0','6150',
70,'El Peñon','0','6101',
70,'El Pilar','0294','6152',
70,'El Rincon','0294','6150',
70,'Guanoco','0','6150',
70,'Guarapiche','0','6168',
70,'Guarauna','0','6150',
70,'Guariquen','0','6150',
70,'Guiria','0294','6161',
70,'Irapa','0294','6156',
70,'Las Piedras de Cocollar','0','6101',
70,'Macarapana','0','6101',
70,'Macuro','0294','6150',
70,'Maraval','0','6156',
70,'Mariguitar','0293','6107',
70,'Muelle de Cariaco','0','6101',
70,'Nueva Colombia','0','6150',
70,'Playa Grande','0','6150',
70,'Puerto Santo','0','6163',
70,'Punta Brava  Tunapuycito','0','6154',
70,'Quebrada Seca','0','6101',
70,'Rio Caribe','0294','6164',
70,'Rio Casanay','0','6168',
70,'Rio Grande','0','6160',
70,'San Antonio del Golfo','0293','6110',
70,'San José de Aerocuar','0294','6167',
70,'San Juan de Unare','0','6150',
70,'San Juan de las Galdonas','0','6150',
70,'San Lorenzo','0','6106',
70,'Santa Fe','0','6101',
70,'Santa Maria de Cariaco','0','6150',
70,'Saucedo','0','6150',
70,'Soro','0','6150',
70,'Tunapuy','0294','6154',
70,'Valle de San Bonifacio','0','6150',
70,'Yaguaraparo','0294','6155',
70,'Yoco','0294','6150',
70,'Agua Fria','0','6150',
70,'Guaca','0','6150',
70,'Guanoco','0','6150',
70,'Guaraunos','0','6150',
70,'Guayana','0','6150',
70,'Las Piedras De Cocollar','0','6101',
70,'Las Vegas','0','6101',
70,'Los Altos De Santa fe','0','6101',
70,'Los Arroyos','0','6150',
70,'Rio Salado','0','6150',
70,'Rio Seco','0','6150',
70,'San Vicente','0','6150',
70,'Santa Cruz','0','6150',
70,'Tunapuicito','0','6150',
53,'Maroa','0248','7101',
53,'Puerto Ayacucho','0248','7101',
53,'Puerto Paez','0248','7101',
53,'San Carlos de Rio Negro','0248','7101',
53,'San Fernando de Atabapo','0248','7101',
53,'San Fernando de Guainia','0248','7101',
53,'San Juan de Manapiare','0248','7101',
53,'San Simon de Cocuy','0248','7101',
53,'Santa Rosa de Amanadona','0248','7101',

